subject,academic_year,standard_number,standard_version,weight_excellence,effective_credits
Religious Studies,2018,90827,1,1.0,6
Religious Studies,2018,91725,2,0.839754098360656,6
Religious Studies,2018,90825,1,0.831653543307087,6
Religious Studies,2018,90827,2,0.821159029649596,6
Education for Sustainability,2018,90832,1,1.0,5
Education for Sustainability,2018,91735,1,1.0,4
Education for Sustainability,2018,90831,1,0.921052631578948,5
Education for Sustainability,2018,90832,2,0.888888888888889,5
Education for Sustainability,2018,90828,2,0.883620689655173,5
Business Studies,2018,91379,1,0.96849087893864,4
Business Studies,2018,91381,1,0.964636542239686,4
Business Studies,2018,91380,1,0.944801714898178,4
Business Studies,2018,91385,1,0.905927835051546,3
Business Studies,2018,91383,1,0.89595192915876,3
Business Studies,2018,91384,1,0.882352941176471,6
Chemistry,2018,91390,1,0.945474736257635,5
Chemistry,2018,91391,1,0.944329132690882,5
Chemistry,2018,91392,1,0.922287668630059,5
Chemistry,2018,91389,2,0.840261739799846,3
Chemistry,2018,91387,1,0.805337812616648,4
Chemistry,2018,91393,1,0.803571428571429,2
Classical Studies,2018,91396,1,0.946363636363636,6
Classical Studies,2018,91394,1,0.938671209540034,4
Classical Studies,2018,91395,1,0.926414058209775,4
Classical Studies,2018,91397,1,0.844798455225682,6
Classical Studies,2018,91398,2,0.844444444444445,4
Economics,2018,91403,1,0.964759246336357,6
Economics,2018,91401,1,0.961538461538462,5
Economics,2018,91400,1,0.934889434889435,4
Economics,2018,91399,1,0.928747361013371,4
Economics,2018,91402,1,0.928571428571429,5
Accounting,2018,91407,1,1.0,5
Accounting,2018,91404,1,0.96309963099631,4
Accounting,2018,91408,1,0.961008083689967,4
Accounting,2018,91406,1,0.934860202260559,5
Accounting,2018,91409,1,0.888888888888889,4
Accounting,2018,91407,2,0.849337748344371,2
Earth and Space Science,2018,91411,1,1.0,4
Earth and Space Science,2018,91412,1,1.0,4
Earth and Space Science,2018,91413,1,0.989060489060489,4
Earth and Space Science,2018,91414,1,0.978090766823161,4
Earth and Space Science,2018,91410,1,0.928681572860447,4
Earth and Space Science,2018,91415,2,0.907839477368175,4
Music Studies,2018,91417,1,1.0,4
Music Studies,2018,91425,1,1.0,6
Music Studies,2018,91418,1,0.961538461538462,4
Music Studies,2018,91420,1,0.935897435897436,4
Music Studies,2018,91421,1,0.926991150442478,4
Music Studies,2018,91423,1,0.924632352941176,2
Geography,2018,91428,1,1.0,3
Geography,2018,91429,1,0.959277169763299,4
Geography,2018,91427,1,0.947241762310256,4
Geography,2018,91426,1,0.94153922052294,4
Geography,2018,91430,2,0.889271801018879,5
Geography,2018,91432,2,0.883280278914658,3
Geography,2018,91428,2,0.882788051209104,1
History,2018,91435,1,0.9609375,5
History,2018,91436,1,0.952444922084901,4
History,2018,91438,1,0.951771399017326,6
History,2018,91439,1,0.923888888888889,6
History,2018,91434,1,0.907692307692308,3
Design (Practical Art),2018,91445,1,1.0,4
Design (Practical Art),2018,91450,1,1.0,4
Design (Practical Art),2018,91455,1,0.919377004122767,14
Design (Practical Art),2018,91450,2,0.859018510546707,2
Painting (Practical Art),2018,91456,1,0.924848484848485,14
Painting (Practical Art),2018,91451,1,0.916666666666667,4
Painting (Practical Art),2018,91451,2,0.84723422644771,4
Painting (Practical Art),2018,91446,2,0.841640502354788,2
Photography (Practical Art),2018,91442,1,1.0,4
Photography (Practical Art),2018,91457,1,0.932567049808429,14
Photography (Practical Art),2018,91452,1,0.907407407407408,4
Photography (Practical Art),2018,91452,2,0.880281690140845,2
Printmaking (Practical Art),2018,91448,2,0.871929824561404,4
Printmaking (Practical Art),2018,91453,2,0.847222222222222,4
Printmaking (Practical Art),2018,91443,1,0.828571428571429,4
Printmaking (Practical Art),2018,91458,1,0.822265625,12
Sculpture (Practical Art),2018,91460,1,0.892857142857143,4
Sculpture (Practical Art),2018,91444,1,0.877358490566038,4
Sculpture (Practical Art),2018,91459,1,0.875,14
Sculpture (Practical Art),2018,91449,1,0.861111111111111,2
Health Education,2018,91815,1,1.0,5
Health Education,2018,91811,1,1.0,3
Health Education,2018,91465,1,0.983333333333333,5
Health Education,2018,91462,1,0.968023255813953,5
Health Education,2018,91463,1,0.958333333333333,5
Health Education,2018,91464,1,0.944444444444444,1
Home Economics,2018,91466,1,1.0,5
Home Economics,2018,91467,1,1.0,5
Home Economics,2018,91469,1,1.0,5
Home Economics,2018,91471,1,0.930293501048218,4
Home Economics,2018,91467,2,0.919786096256685,5
English,2018,91474,1,0.950400251137969,4
English,2018,91473,1,0.939722572509458,4
English,2018,91472,1,0.936465981399902,4
English,2018,91477,1,0.902799788695193,3
English,2018,91480,1,0.891290616885396,3
English,2018,91478,1,0.890407554671968,4
English,2018,91475,1,0.888518356915789,2
History of Art,2018,91484,1,0.941634241245136,4
History of Art,2018,91483,1,0.93021472392638,4
History of Art,2018,91482,1,0.92814371257485,4
History of Art,2018,91489,1,0.865102639296188,4
History of Art,2018,91486,1,0.850220264317181,4
History of Art,2018,91485,2,0.847236180904523,4
Media Studies,2018,91491,1,1.0,3
Media Studies,2018,91497,1,0.954545454545455,3
Media Studies,2018,91490,1,0.949919224555735,4
Media Studies,2018,91493,1,0.94987146529563,4
Media Studies,2018,91492,1,0.932432432432433,3
Media Studies,2018,91492,2,0.891602399314482,3
Media Studies,2018,91496,1,0.888888888888889,3
Media Studies,2018,91497,2,0.886724386724387,1
Physical Education,2018,91789,1,1.0,4
Physical Education,2018,91812,1,1.0,5
Physical Education,2018,91505,2,0.919277108433735,4
Physical Education,2018,91789,2,0.918458484948727,4
Physical Education,2018,91498,1,0.91,4
Physical Education,2018,91502,1,0.90625,3
Latin,2018,91506,1,0.842857142857143,6
Latin,2018,91507,1,0.833333333333333,5
Latin,2018,91510,1,0.681818181818182,3
Latin,2018,91509,1,0.633333333333333,4
Latin,2018,91508,1,0.592592592592593,6
Drama,2018,91513,1,1.0,5
Drama,2018,91515,1,1.0,4
Drama,2018,91512,1,0.96,4
Drama,2018,91514,1,0.951408450704225,4
Drama,2018,91518,1,0.947482014388489,4
Drama,2018,91519,1,0.85207100591716,3
Physics,2018,91523,1,0.961270841538664,4
Physics,2018,91526,1,0.934085510688836,6
Physics,2018,91524,1,0.931607074691437,6
Physics,2018,91527,1,0.86590524534687,3
Physics,2018,91521,1,0.858695652173913,4
Physics,2018,91522,2,0.846219931271478,1
Agriculture & Horticulture,2018,91528,1,1.0,4
Agriculture & Horticulture,2018,91529,1,1.0,6
Agriculture & Horticulture,2018,91530,1,0.945945945945946,5
Agriculture & Horticulture,2018,91532,1,0.94408945686901,5
Agriculture & Horticulture,2018,91531,1,0.932748538011696,4
Chinese,2018,91536,1,0.864825581395349,5
Chinese,2018,91533,1,0.86003861003861,5
Chinese,2018,91534,1,0.599865047233468,3
Chinese,2018,91535,1,0.561965811965812,6
Chinese,2018,91537,1,0.559643255295429,5
Cook Islands Maori,2018,91541,1,0.741071428571429,5
Cook Islands Maori,2018,91538,1,0.723214285714286,5
Cook Islands Maori,2018,91539,1,0.65625,3
Cook Islands Maori,2018,91540,1,0.650943396226415,6
Cook Islands Maori,2018,91542,1,0.620689655172414,5
French,2018,91543,1,0.915057915057915,5
French,2018,91546,1,0.911764705882353,5
French,2018,91545,1,0.738307349665924,6
French,2018,91544,1,0.719211822660099,3
French,2018,91547,1,0.704188481675393,5
German,2018,91548,1,0.902777777777778,5
German,2018,91551,1,0.882352941176471,5
German,2018,91552,1,0.694915254237288,5
German,2018,91550,1,0.673684210526316,6
German,2018,91549,1,0.645,3
Japanese,2018,91553,1,0.888790035587189,5
Japanese,2018,91556,1,0.885017421602788,5
Japanese,2018,91555,1,0.73542600896861,6
Japanese,2018,91554,1,0.720792079207921,3
Japanese,2018,91557,1,0.718995290423862,5
Korean,2018,91558,1,0.75,5
Korean,2018,91561,1,0.75,5
Korean,2018,91560,1,0.609375,6
Korean,2018,91559,1,0.586206896551724,3
Korean,2018,91562,1,0.551724137931035,5
Samoan,2018,91566,1,0.956293706293707,5
Samoan,2018,91563,1,0.928571428571429,5
Samoan,2018,91567,1,0.836391437308869,5
Samoan,2018,91564,1,0.831683168316832,3
Samoan,2018,91565,1,0.831269349845201,6
Spanish,2018,91571,1,0.952764976958525,5
Spanish,2018,91568,1,0.925837320574163,5
Spanish,2018,91569,1,0.74,3
Spanish,2018,91572,1,0.738986784140969,5
Spanish,2018,91570,1,0.73134328358209,6
Calculus,2018,91573,1,0.945652173913044,3
Calculus,2018,91578,1,0.934182471103131,6
Calculus,2018,91579,1,0.933114880493447,6
Calculus,2018,91576,2,0.92282882315922,2
Calculus,2018,91577,1,0.911654697785757,5
Calculus,2018,91574,1,0.90625,2
Statistics,2018,91580,1,0.982142857142857,4
Statistics,2018,91581,1,0.970588235294118,4
Statistics,2018,91584,1,0.966237942122187,4
Statistics,2018,91585,1,0.953456692019526,4
Statistics,2018,91586,1,0.94828805885682,4
Statistics,2018,91581,2,0.907064471879287,4
Dance,2018,91588,1,1.0,8
Dance,2018,91589,1,1.0,4
Dance,2018,91595,1,0.9453125,4
Dance,2018,91594,1,0.943025540275049,4
Dance,2018,91593,1,0.875,4
Social Studies,2018,91600,1,1.0,4
Social Studies,2018,91598,1,0.947368421052632,4
Social Studies,2018,91596,1,0.904761904761905,4
Social Studies,2018,91599,1,0.859536867763559,6
Social Studies,2018,91597,1,0.856236203090508,6
Biology,2018,91603,1,0.952778151486614,5
Biology,2018,91605,1,0.949608958407394,4
Biology,2018,91606,1,0.938172671970052,4
Biology,2018,91602,1,0.903225806451613,3
Biology,2018,91601,1,0.878378378378378,4
Biology,2018,91607,1,0.868421052631579,3
Biology,2018,91601,2,0.854137003638665,1
Technology/Hangarau,2018,91608,1,1.0,4
Technology/Hangarau,2018,91836,1,1.0,5
Technology/Hangarau,2018,91617,1,0.94839609483961,4
Technology/Hangarau,2018,91612,1,0.945530726256983,4
Technology/Hangarau,2018,91613,1,0.944852941176471,4
Technology/Hangarau,2018,91614,1,0.9375,3
Construction and Mechanical Technologies,2018,91623,1,1.0,4
Construction and Mechanical Technologies,2018,91624,1,0.942307692307692,3
Construction and Mechanical Technologies,2018,91625,1,0.93421052631579,3
Construction and Mechanical Technologies,2018,91620,1,0.90067214339059,6
Construction and Mechanical Technologies,2018,91621,1,0.9,6
Construction and Mechanical Technologies,2018,91622,2,0.859738372093023,2
Design and Visual Communication,2018,91628,1,1.0,6
Design and Visual Communication,2018,91630,1,1.0,6
Design and Visual Communication,2018,91628,2,1.0,6
Design and Visual Communication,2018,91627,1,0.963722397476341,4
Design and Visual Communication,2018,91629,1,0.956521739130435,2
Digital Technologies,2018,91633,1,1.0,6
Digital Technologies,2018,91635,1,1.0,4
Digital Technologies,2018,91636,1,0.957861635220126,4
Digital Technologies,2018,91632,1,0.934579439252337,4
Digital Technologies,2018,91637,1,0.916666666666667,6
Processing Technologies,2018,91643,1,0.873441396508728,6
Processing Technologies,2018,91644,1,0.769736842105263,4
Te Reo Māori,2018,91652,1,0.943840579710145,6
Te Reo Māori,2018,91653,1,0.91839762611276,6
Te Reo Māori,2018,91654,2,0.86734693877551,6
Te Reo Māori,2018,91650,2,0.862936344969199,4
Te Reo Māori,2018,91651,2,0.860597439544808,2
Tongan,2018,91679,1,0.846491228070175,5
Tongan,2018,91681,1,0.8125,6
Tongan,2018,91680,1,0.803738317757009,3
Tongan,2018,91683,1,0.794392523364486,5
Tongan,2018,91682,1,0.768,5
Te Reo Rangatira,2018,91808,1,0.954954954954955,3
Te Reo Rangatira,2018,91804,1,0.954268292682927,3
Te Reo Rangatira,2018,91806,1,0.946078431372549,4
Te Reo Rangatira,2018,91810,1,0.881516587677725,4
Te Reo Rangatira,2018,91817,1,0.847560975609756,4
Te Reo Rangatira,2018,91805,1,0.836448598130841,4
Te Reo Rangatira,2018,91809,1,0.835714285714286,2
Science/Pūtaiao,2018,91818,1,1.0,4
Science/Pūtaiao,2018,91819,1,1.0,4
Science/Pūtaiao,2018,91820,1,1.0,4
New Zealand Sign Language,2018,91824,1,0.833333333333333,6
New Zealand Sign Language,2018,91823,1,0.666666666666667,3
New Zealand Sign Language,2018,91822,1,0.5,5
New Zealand Sign Language,2018,91825,1,0.5,6
Tikanga ā-Iwi,2018,91828,1,1.0,4
Tikanga ā-Iwi,2018,91833,1,0.882352941176471,4
Tikanga ā-Iwi,2018,91826,1,0.8125,4
Tikanga ā-Iwi,2018,91830,1,0.78125,4
Tikanga ā-Iwi,2018,91834,1,0.6,4
Tikanga ā-Iwi,2018,91827,1,0.5,4
Ngā Mahi a te Rēhia,2018,91852,1,0.897727272727273,4
Ngā Toi Puoro,2018,91863,1,0.714285714285714,4
Psychology,2018,91876,1,0.938202247191011,3
Psychology,2018,91872,1,0.832822085889571,6
Psychology,2018,91874,1,0.823717948717949,6
Psychology,2018,91875,1,0.809471365638767,4
Psychology,2018,91873,1,0.807977736549165,3
Digital Technologies and Hangarau Matihiko,2018,91907,1,0.825,6
Digital Technologies and Hangarau Matihiko,2018,91906,1,0.777777777777778,6
Digital Technologies and Hangarau Matihiko,2018,91900,1,0.75,6
Samoan,2019,90584,1,1.0,3
Samoan,2019,91566,1,0.9375,5
Samoan,2019,91563,1,0.924180327868853,5
Samoan,2019,91567,1,0.832179930795848,5
Samoan,2019,91564,1,0.820422535211268,3
Samoan,2019,91565,1,0.806506849315069,3
Religious Studies,2019,90825,1,1.0,6
Religious Studies,2019,91725,1,0.844105691056911,6
Religious Studies,2019,90825,2,0.8234652539732,6
Religious Studies,2019,90826,2,0.809748083242059,6
Education for Sustainability,2019,90828,1,1.0,6
Education for Sustainability,2019,91735,1,1.0,4
Education for Sustainability,2019,91736,1,0.902777777777778,4
Education for Sustainability,2019,90828,2,0.87780548628429,6
Education for Sustainability,2019,91735,2,0.871473354231975,4
Business Studies,2019,91379,1,0.964285714285714,4
Business Studies,2019,91381,1,0.962732919254658,4
Business Studies,2019,91380,1,0.955568053993251,4
Business Studies,2019,91385,1,0.929961089494164,3
Business Studies,2019,91870,1,0.881909547738694,4
Business Studies,2019,91383,1,0.879641909814324,3
Business Studies,2019,91871,1,0.879396984924623,2
Chemistry,2019,91389,1,0.952380952380952,3
Chemistry,2019,91390,1,0.935353535353535,5
Chemistry,2019,91391,1,0.927480916030534,5
Chemistry,2019,91392,1,0.908429610611896,5
Chemistry,2019,91389,2,0.834362384231774,3
Chemistry,2019,91388,1,0.833333333333333,3
Classical Studies,2019,91398,1,1.0,6
Classical Studies,2019,91396,1,0.942654639175258,6
Classical Studies,2019,91395,1,0.935094773118897,4
Classical Studies,2019,91394,1,0.923935091277891,4
Classical Studies,2019,91398,2,0.842642320085929,4
Economics,2019,91403,1,0.960902733630006,6
Economics,2019,91400,1,0.947690857681433,4
Economics,2019,91399,1,0.930211032950759,4
Economics,2019,91402,1,0.874185136897001,5
Economics,2019,91402,2,0.842251288149029,5
Accounting,2019,91405,1,1.0,4
Accounting,2019,91408,1,0.960928961748634,4
Accounting,2019,91404,1,0.951530612244898,4
Accounting,2019,91406,1,0.942375263527758,5
Accounting,2019,91407,1,0.848331648129424,5
Accounting,2019,91409,2,0.81046277665996,2
Earth and Space Science,2019,91410,1,1.0,4
Earth and Space Science,2019,91411,1,1.0,4
Earth and Space Science,2019,91412,1,1.0,4
Earth and Space Science,2019,91413,1,0.984441301272985,4
Earth and Space Science,2019,91414,1,0.970749542961609,4
Earth and Space Science,2019,91410,2,0.923128792987188,4
Music Studies,2019,91419,1,1.0,8
Music Studies,2019,91420,1,0.952586206896552,4
Music Studies,2019,91423,1,0.938976377952756,4
Music Studies,2019,91421,1,0.90929203539823,4
Music Studies,2019,91425,2,0.84479271991911,4
Geography,2019,91429,1,0.960943969086393,4
Geography,2019,91427,1,0.949651432997676,4
Geography,2019,91426,1,0.946365767878077,4
Geography,2019,91431,1,0.920454545454546,3
Geography,2019,91430,1,0.909090909090909,5
Geography,2019,91432,1,0.9,3
Geography,2019,91430,2,0.888447184812591,1
History,2019,91438,1,0.949309478970496,6
History,2019,91436,1,0.94756446991404,4
History,2019,91435,1,0.934782608695652,5
History,2019,91439,1,0.926589595375723,6
History,2019,91437,1,0.88,3
Design (Practical Art),2019,91450,1,1.0,4
Design (Practical Art),2019,91445,1,0.928571428571429,4
Design (Practical Art),2019,91455,1,0.928460743801653,14
Design (Practical Art),2019,91450,2,0.861261705273534,2
Painting (Practical Art),2019,91441,1,1.0,4
Painting (Practical Art),2019,91456,1,0.913786008230453,14
Painting (Practical Art),2019,91446,1,0.875,4
Painting (Practical Art),2019,91451,2,0.849617672047579,2
Photography (Practical Art),2019,91452,1,1.0,4
Photography (Practical Art),2019,91457,1,0.936979785969085,14
Photography (Practical Art),2019,91442,1,0.881390593047035,4
Photography (Practical Art),2019,91452,2,0.87894952810833,2
Printmaking (Practical Art),2019,91448,2,0.877551020408163,4
Printmaking (Practical Art),2019,91453,2,0.875331564986737,4
Printmaking (Practical Art),2019,91443,1,0.875,4
Printmaking (Practical Art),2019,91453,1,0.875,4
Printmaking (Practical Art),2019,91458,1,0.852459016393443,8
Sculpture (Practical Art),2019,91444,1,1.0,4
Sculpture (Practical Art),2019,91856,1,1.0,4
Sculpture (Practical Art),2019,91855,1,0.928571428571429,4
Sculpture (Practical Art),2019,91454,1,0.884848484848485,4
Sculpture (Practical Art),2019,91449,1,0.856807511737089,4
Sculpture (Practical Art),2019,91460,1,0.848224513172967,4
Health Education,2019,91811,1,1.0,3
Health Education,2019,91465,1,0.97752808988764,5
Health Education,2019,91462,1,0.965594614809275,5
Health Education,2019,91815,1,0.958333333333333,5
Health Education,2019,91461,2,0.904769183735861,5
Health Education,2019,91463,2,0.89987345776653,1
Home Economics,2019,91466,1,1.0,5
Home Economics,2019,91471,1,0.943292682926829,4
Home Economics,2019,91467,1,0.914876033057851,5
Home Economics,2019,91470,1,0.909090909090909,4
Home Economics,2019,91466,2,0.902061855670103,5
Home Economics,2019,91469,2,0.886057692307692,1
English,2019,91474,1,0.950963814677038,4
English,2019,91473,1,0.94224361347649,4
English,2019,91472,1,0.935533894550288,4
English,2019,91477,1,0.901586368977673,3
English,2019,91475,1,0.891982984293194,6
English,2019,91480,1,0.88890503523941,3
History of Art,2019,91488,1,1.0,4
History of Art,2019,91485,1,1.0,4
History of Art,2019,91484,1,0.942928039702233,4
History of Art,2019,91482,1,0.936247723132969,4
History of Art,2019,91483,1,0.927565392354125,4
History of Art,2019,91489,1,0.864963503649635,4
Media Studies,2019,91495,1,1.0,6
Media Studies,2019,91496,1,1.0,3
Media Studies,2019,91497,1,1.0,3
Media Studies,2019,91491,1,0.958333333333333,3
Media Studies,2019,91490,1,0.946017699115044,4
Media Studies,2019,91493,1,0.935332708528585,4
Media Studies,2019,91497,2,0.882891125343092,1
Physical Education,2019,91812,1,1.0,5
Physical Education,2019,91504,1,0.958333333333333,3
Physical Education,2019,91789,1,0.954545454545455,4
Physical Education,2019,91505,1,0.9375,4
Physical Education,2019,91500,1,0.928571428571429,4
Physical Education,2019,91789,2,0.920527859237537,4
Latin,2019,91507,1,0.792682926829268,5
Latin,2019,91506,1,0.785714285714286,6
Latin,2019,91508,1,0.74390243902439,6
Latin,2019,91509,1,0.666666666666667,4
Latin,2019,91511,1,0.607142857142857,3
Drama,2019,91512,1,1.0,4
Drama,2019,91513,1,1.0,5
Drama,2019,91518,1,0.942446043165468,4
Drama,2019,91514,1,0.933139534883721,4
Drama,2019,91519,1,0.868852459016394,5
Drama,2019,91513,2,0.847842401500938,2
Physics,2019,91522,1,1.0,3
Physics,2019,91527,1,1.0,3
Physics,2019,91523,1,0.942518118516413,4
Physics,2019,91526,1,0.917763767847209,6
Physics,2019,91524,1,0.908569940088565,6
Physics,2019,91525,1,0.907407407407408,2
Agriculture & Horticulture,2019,91531,1,0.930992736077482,4
Agriculture & Horticulture,2019,91532,1,0.92809364548495,5
Agriculture & Horticulture,2019,91530,1,0.914364640883978,5
Agriculture & Horticulture,2019,91528,1,0.894773039889959,4
Agriculture & Horticulture,2019,91529,1,0.894347240915209,6
Chinese,2019,91533,1,0.871832358674464,5
Chinese,2019,91536,1,0.870582617000955,5
Chinese,2019,91534,1,0.608510638297872,3
Chinese,2019,91535,1,0.57798833819242,6
Chinese,2019,91537,1,0.568471337579618,5
Cook Islands Maori,2019,91541,1,0.703389830508475,5
Cook Islands Maori,2019,91538,1,0.686440677966102,5
Cook Islands Maori,2019,91540,1,0.642857142857143,6
Cook Islands Maori,2019,91539,1,0.612068965517241,3
Cook Islands Maori,2019,91542,1,0.594827586206897,5
French,2019,91546,1,0.918330308529946,5
French,2019,91543,1,0.914370078740157,5
French,2019,91545,1,0.732233502538071,6
French,2019,91544,1,0.708121827411168,3
French,2019,91547,1,0.688539741219963,5
German,2019,91551,1,0.892,5
German,2019,91548,1,0.891732283464567,5
German,2019,91552,1,0.689956331877729,5
German,2019,91549,1,0.680272108843537,3
German,2019,91550,1,0.666666666666667,6
Japanese,2019,91553,1,0.898336414048059,5
Japanese,2019,91556,1,0.893058161350844,5
Japanese,2019,91557,1,0.721238938053097,5
Japanese,2019,91554,1,0.719873150105708,3
Japanese,2019,91555,1,0.702380952380952,6
Korean,2019,91561,1,0.798076923076923,5
Korean,2019,91558,1,0.769230769230769,5
Korean,2019,91562,1,0.59375,5
Korean,2019,91559,1,0.560606060606061,3
Korean,2019,91560,1,0.548387096774194,6
Spanish,2019,91571,1,0.938172043010753,5
Spanish,2019,91568,1,0.926666666666667,5
Spanish,2019,91569,1,0.75609756097561,3
Spanish,2019,91570,1,0.755681818181818,6
Spanish,2019,91572,1,0.724343675417661,5
Calculus,2019,91573,1,1.0,3
Calculus,2019,91576,1,0.942307692307692,2
Calculus,2019,91577,1,0.93736518997843,5
Calculus,2019,91578,1,0.934127079095369,6
Calculus,2019,91579,1,0.920655089651278,6
Calculus,2019,91576,2,0.919156922188538,2
Statistics,2019,91584,1,0.974122696288816,4
Statistics,2019,91580,1,0.95,4
Statistics,2019,91586,1,0.947191011235955,4
Statistics,2019,91582,1,0.941176470588235,4
Statistics,2019,91581,1,0.9375,4
Statistics,2019,91585,1,0.934956304619226,4
Dance,2019,91589,1,1.0,4
Dance,2019,91592,1,1.0,6
Dance,2019,91595,1,0.942028985507247,4
Dance,2019,91594,1,0.937923250564334,4
Dance,2019,91591,1,0.852941176470588,4
Dance,2019,91593,1,0.847560975609756,2
Social Studies,2019,91598,1,0.973551637279597,4
Social Studies,2019,91597,1,0.970588235294118,6
Social Studies,2019,91599,1,0.954545454545455,6
Social Studies,2019,91600,1,0.9375,4
Social Studies,2019,91596,1,0.907012195121951,4
Biology,2019,91606,1,0.949314730213607,4
Biology,2019,91603,1,0.946774831816383,5
Biology,2019,91605,1,0.945374633737966,4
Biology,2019,91601,1,0.857142857142857,4
Biology,2019,91601,2,0.847115997450606,4
Biology,2019,91607,2,0.829437490574574,3
Technology/Hangarau,2019,91608,1,1.0,4
Technology/Hangarau,2019,91608,2,1.0,4
Technology/Hangarau,2019,91609,1,1.0,4
Technology/Hangarau,2019,91618,1,1.0,6
Technology/Hangarau,2019,91617,1,0.975633528265107,4
Technology/Hangarau,2019,91612,1,0.952669902912621,2
Construction and Mechanical Technologies,2019,91621,1,1.0,6
Construction and Mechanical Technologies,2019,91624,1,0.918918918918919,3
Construction and Mechanical Technologies,2019,91625,1,0.896551724137931,3
Construction and Mechanical Technologies,2019,91620,1,0.894757744241462,6
Construction and Mechanical Technologies,2019,91622,1,0.856505102040816,4
Construction and Mechanical Technologies,2019,91623,1,0.82991452991453,2
Design and Visual Communication,2019,91627,1,0.965795328142381,4
Design and Visual Communication,2019,91631,1,0.911716171617162,6
Design and Visual Communication,2019,91630,2,0.889140271493213,6
Design and Visual Communication,2019,91629,1,0.86529933481153,6
Design and Visual Communication,2019,91628,1,0.85,2
Digital Technologies,2019,91641,1,1.0,4
Digital Technologies,2019,91636,1,0.93956043956044,4
Digital Technologies,2019,91641,2,0.9375,4
Digital Technologies,2019,91634,1,0.928571428571429,4
Digital Technologies,2019,91632,1,0.909961685823755,4
Digital Technologies,2019,91634,3,0.899038461538462,4
Processing Technologies,2019,91643,1,0.862219451371571,6
Processing Technologies,2019,91644,1,0.795774647887324,4
Te Reo Māori,2019,91652,1,0.968715697036224,6
Te Reo Māori,2019,91653,1,0.929088277858177,6
Te Reo Māori,2019,91654,1,0.928571428571429,6
Te Reo Māori,2019,91650,1,0.884615384615385,4
Te Reo Māori,2019,91651,2,0.837384259259259,2
Tongan,2019,91682,1,0.847826086956522,5
Tongan,2019,91680,1,0.816666666666667,3
Tongan,2019,91683,1,0.784883720930233,5
Tongan,2019,91681,1,0.75,6
Tongan,2019,91679,1,0.747747747747748,5
Te Reo Rangatira,2019,91808,1,0.936305732484077,3
Te Reo Rangatira,2019,91806,1,0.923076923076923,4
Te Reo Rangatira,2019,91804,1,0.915540540540541,3
Te Reo Rangatira,2019,91805,1,0.911392405063291,4
Te Reo Rangatira,2019,91803,1,0.861111111111111,3
Te Reo Rangatira,2019,91809,1,0.857615894039735,6
Te Reo Rangatira,2019,91817,1,0.850574712643678,1
Hauora,2019,91814,1,0.954545454545455,3
Hauora,2019,91813,1,0.944444444444444,3
Science/Pūtaiao,2019,91819,1,0.875,4
New Zealand Sign Language,2019,91823,1,0.875,3
New Zealand Sign Language,2019,91822,1,0.8125,5
New Zealand Sign Language,2019,91824,1,0.8125,6
New Zealand Sign Language,2019,91825,1,0.78125,6
Tikanga ā-Iwi,2019,91831,1,1.0,4
Tikanga ā-Iwi,2019,91833,1,0.961538461538462,4
Tikanga ā-Iwi,2019,91834,1,0.916666666666667,4
Tikanga ā-Iwi,2019,91832,1,0.90625,4
Tikanga ā-Iwi,2019,91826,1,0.865384615384615,4
Tikanga ā-Iwi,2019,91827,1,0.863636363636364,4
Ngā Mahi a te Rēhia,2019,91852,1,1.0,4
Ngā Toi Puoro,2019,91863,1,1.0,4
Psychology,2019,91876,1,0.944987775061125,3
Psychology,2019,91872,1,0.845708775313404,6
Psychology,2019,91874,1,0.842449464922711,6
Psychology,2019,91875,1,0.834370139968896,4
Psychology,2019,91873,1,0.821428571428571,3
Digital Technologies and Hangarau Matihiko,2019,91909,1,0.932150313152401,3
Digital Technologies and Hangarau Matihiko,2019,91908,1,0.93,3
Digital Technologies and Hangarau Matihiko,2019,91900,1,0.895095367847411,6
Digital Technologies and Hangarau Matihiko,2019,91905,1,0.894366197183099,4
Digital Technologies and Hangarau Matihiko,2019,91903,1,0.874843554443054,4
Digital Technologies and Hangarau Matihiko,2019,91901,1,0.869436201780415,3
Digital Technologies and Hangarau Matihiko,2019,91907,1,0.85638998682477,1
Religious Studies,2020,90826,1,1.0,6
Religious Studies,2020,91725,1,0.828857532999545,6
Religious Studies,2020,90825,2,0.8221076377699,6
Religious Studies,2020,90827,1,0.820497803806735,6
Education for Sustainability,2020,90828,1,1.0,6
Education for Sustainability,2020,91735,1,1.0,4
Education for Sustainability,2020,90831,1,0.913793103448276,5
Education for Sustainability,2020,90828,2,0.891246684350133,6
Education for Sustainability,2020,90832,1,0.871794871794872,3
Business Studies,2020,91381,1,0.973958333333333,4
Business Studies,2020,91379,1,0.954235361000569,4
Business Studies,2020,91380,1,0.947593582887701,4
Business Studies,2020,91385,2,0.890939597315436,3
Business Studies,2020,91870,1,0.881024096385542,4
Business Studies,2020,91383,2,0.872416250890948,3
Business Studies,2020,91871,1,0.865837696335079,2
Chemistry,2020,91389,1,1.0,3
Chemistry,2020,91390,1,0.94879786286732,5
Chemistry,2020,91392,1,0.922555043522785,5
Chemistry,2020,91391,1,0.918959172945506,5
Chemistry,2020,91388,1,0.833333333333333,3
Chemistry,2020,91387,1,0.832868108862526,3
Classical Studies,2020,91394,1,0.952590420332356,4
Classical Studies,2020,91396,1,0.94179651695692,6
Classical Studies,2020,91395,1,0.932410423452769,4
Classical Studies,2020,91398,2,0.832112510987401,6
Classical Studies,2020,91397,1,0.827939901762496,4
Economics,2020,91400,1,0.962455303933254,4
Economics,2020,91403,1,0.959306706857574,6
Economics,2020,91399,1,0.934240362811792,4
Economics,2020,91402,1,0.923076923076923,5
Economics,2020,91402,2,0.837553436369615,5
Accounting,2020,91408,1,0.950268817204301,4
Accounting,2020,91404,1,0.944444444444444,4
Accounting,2020,91406,1,0.933237271853987,5
Accounting,2020,91407,1,0.882352941176471,5
Accounting,2020,91407,2,0.834252450980392,5
Accounting,2020,91409,2,0.805768364127986,1
Earth and Space Science,2020,91410,1,1.0,4
Earth and Space Science,2020,91413,1,0.979548660084626,4
Earth and Space Science,2020,91414,1,0.959677419354839,4
Earth and Space Science,2020,91410,2,0.892444101773323,4
Earth and Space Science,2020,91415,1,0.88209796272215,4
Earth and Space Science,2020,91412,1,0.874899759422614,4
Music Studies,2020,91417,1,1.0,4
Music Studies,2020,91425,1,1.0,6
Music Studies,2020,91420,1,0.952631578947369,4
Music Studies,2020,91423,1,0.926315789473684,4
Music Studies,2020,91421,1,0.91156462585034,4
Music Studies,2020,91418,1,0.833333333333333,2
Geography,2020,91429,1,0.949545596991539,4
Geography,2020,91428,1,0.947368421052632,3
Geography,2020,91427,1,0.945889698231009,4
Geography,2020,91426,1,0.94469696969697,4
Geography,2020,91431,1,0.9,3
Geography,2020,91430,1,0.9,5
Geography,2020,91432,2,0.87720207253886,1
History,2020,91438,1,0.950050968399592,6
History,2020,91437,1,0.947368421052632,5
History,2020,91436,1,0.94144678327898,4
History,2020,91439,1,0.915022761760243,6
History,2020,91435,2,0.832892780439452,3
Design (Practical Art),2020,91450,1,1.0,4
Design (Practical Art),2020,91445,1,0.973684210526316,4
Design (Practical Art),2020,91455,1,0.918898433552299,14
Design (Practical Art),2020,91440,1,0.87406015037594,2
Painting (Practical Art),2020,91441,1,1.0,4
Painting (Practical Art),2020,91456,1,0.882840955078915,14
Painting (Practical Art),2020,91441,2,0.835443037974684,4
Painting (Practical Art),2020,91446,1,0.833333333333333,2
Photography (Practical Art),2020,91447,1,1.0,4
Photography (Practical Art),2020,91452,1,0.96875,4
Photography (Practical Art),2020,91457,1,0.920189818809318,14
Photography (Practical Art),2020,91442,2,0.880333951762523,2
Printmaking (Practical Art),2020,91453,1,1.0,4
Printmaking (Practical Art),2020,91448,1,0.961538461538462,4
Printmaking (Practical Art),2020,91443,1,0.868421052631579,4
Printmaking (Practical Art),2020,91448,2,0.848,4
Printmaking (Practical Art),2020,91453,2,0.844285714285714,4
Printmaking (Practical Art),2020,91458,1,0.789877300613497,4
Sculpture (Practical Art),2020,91460,1,1.0,4
Sculpture (Practical Art),2020,91855,1,0.928571428571429,4
Sculpture (Practical Art),2020,91459,1,0.863333333333333,14
Sculpture (Practical Art),2020,91454,1,0.862903225806452,2
Health Education,2020,91463,1,1.0,5
Health Education,2020,91815,1,1.0,5
Health Education,2020,91462,1,0.971327572663001,5
Health Education,2020,91465,1,0.95221843003413,5
Health Education,2020,91461,1,0.928571428571429,4
Home Economics,2020,91466,1,1.0,5
Home Economics,2020,91471,1,0.934880239520958,4
Home Economics,2020,91470,1,0.918803418803419,4
Home Economics,2020,91467,1,0.914572864321608,5
Home Economics,2020,91466,2,0.89,5
Home Economics,2020,91468,1,0.877693282636249,1
English,2020,91474,1,0.951973051010587,4
English,2020,91473,1,0.943404393463911,4
English,2020,91472,1,0.939617083946981,4
English,2020,91477,1,0.892555331991952,3
English,2020,91475,1,0.87999865356133,6
English,2020,91480,1,0.879045401629802,3
History of Art,2020,91482,1,0.939678284182306,4
History of Art,2020,91484,1,0.935361216730038,4
History of Art,2020,91483,1,0.928400954653938,4
History of Art,2020,91489,1,0.848024316109423,4
History of Art,2020,91487,1,0.833812949640288,4
History of Art,2020,91485,1,0.819161676646707,4
Media Studies,2020,91495,1,0.95,6
Media Studies,2020,91490,1,0.949781659388646,4
Media Studies,2020,91493,1,0.922879908935686,4
Media Studies,2020,91494,1,0.916666666666667,4
Media Studies,2020,91497,2,0.880506091846298,3
Media Studies,2020,91492,1,0.8759765625,3
Physical Education,2020,91504,1,0.969387755102041,3
Physical Education,2020,91502,1,0.933333333333333,4
Physical Education,2020,91789,1,0.916666666666667,4
Physical Education,2020,91504,2,0.907200229489386,3
Physical Education,2020,91505,2,0.904712260216847,4
Physical Education,2020,91789,2,0.904359840343875,4
Physical Education,2020,91500,1,0.888888888888889,2
Latin,2020,91506,1,0.757575757575758,6
Latin,2020,91507,1,0.742857142857143,5
Latin,2020,91508,1,0.728571428571429,6
Latin,2020,91509,1,0.681818181818182,4
Latin,2020,91511,1,0.619047619047619,3
Drama,2020,91517,1,1.0,5
Drama,2020,91514,1,0.938811188811189,4
Drama,2020,91518,1,0.933823529411765,4
Drama,2020,91519,2,0.850334448160535,5
Drama,2020,91516,2,0.839285714285714,4
Drama,2020,91513,2,0.837321792260693,2
Physics,2020,91522,1,1.0,3
Physics,2020,91527,1,1.0,3
Physics,2020,91523,1,0.936589480141083,4
Physics,2020,91524,1,0.92380887185104,6
Physics,2020,91526,1,0.913536137198857,6
Physics,2020,91525,1,0.875,2
Agriculture & Horticulture,2020,91532,1,0.948398576512456,5
Agriculture & Horticulture,2020,91530,1,0.932624113475177,5
Agriculture & Horticulture,2020,91531,1,0.930809399477807,4
Agriculture & Horticulture,2020,91529,1,0.871366279069767,6
Agriculture & Horticulture,2020,91528,1,0.868888888888889,4
Chinese,2020,91533,1,0.889269406392694,5
Chinese,2020,91536,1,0.876417233560091,5
Chinese,2020,91534,1,0.574650077760498,3
Chinese,2020,91535,1,0.568447412353923,6
Chinese,2020,91537,1,0.554621848739496,5
Cook Islands Maori,2020,91538,1,0.921875,5
Cook Islands Maori,2020,91541,1,0.873015873015873,5
Cook Islands Maori,2020,91540,1,0.8125,6
Cook Islands Maori,2020,91539,1,0.654411764705882,3
Cook Islands Maori,2020,91542,1,0.652777777777778,5
French,2020,91546,1,0.922755741127349,5
French,2020,91543,1,0.913348946135831,5
French,2020,91545,1,0.716954022988506,6
French,2020,91547,1,0.686746987951807,5
French,2020,91544,1,0.684281842818428,3
German,2020,91548,1,0.896929824561404,5
German,2020,91551,1,0.894736842105263,5
German,2020,91549,1,0.673652694610778,3
German,2020,91552,1,0.659817351598174,5
German,2020,91550,1,0.653846153846154,6
Japanese,2020,91556,1,0.8916015625,5
Japanese,2020,91553,1,0.883333333333333,5
Japanese,2020,91555,1,0.702739726027397,6
Japanese,2020,91554,1,0.697938144329897,3
Japanese,2020,91557,1,0.694166666666667,5
Korean,2020,91558,1,0.73015873015873,5
Korean,2020,91561,1,0.65625,5
Korean,2020,91559,1,0.605263157894737,3
Korean,2020,91562,1,0.602564102564103,5
Korean,2020,91560,1,0.551282051282051,6
Samoan,2020,91563,1,0.921933085501859,5
Samoan,2020,91566,1,0.920138888888889,5
Samoan,2020,91564,1,0.816568047337278,3
Samoan,2020,91567,1,0.808479532163743,5
Samoan,2020,91565,1,0.762686567164179,6
Spanish,2020,91568,1,0.922368421052632,5
Spanish,2020,91571,1,0.915647921760391,5
Spanish,2020,91570,1,0.724137931034483,6
Spanish,2020,91569,1,0.694822888283379,3
Spanish,2020,91572,1,0.693763919821826,5
Calculus,2020,91573,1,1.0,3
Calculus,2020,91576,1,1.0,2
Calculus,2020,91576,2,0.917824267782427,2
Calculus,2020,91579,1,0.917083578575633,6
Calculus,2020,91578,1,0.915433801404213,6
Calculus,2020,91577,1,0.875769648678015,5
Statistics,2020,91582,1,1.0,4
Statistics,2020,91583,1,1.0,4
Statistics,2020,91584,1,0.960973502304148,4
Statistics,2020,91585,1,0.950040398599515,4
Statistics,2020,91586,1,0.948806415516598,4
Statistics,2020,91581,1,0.909090909090909,4
Dance,2020,91590,1,1.0,4
Dance,2020,91594,1,0.953815261044177,4
Dance,2020,91595,1,0.9375,4
Dance,2020,91591,1,0.833333333333333,4
Dance,2020,91589,1,0.789375,4
Dance,2020,91590,2,0.776691116544417,4
Social Studies,2020,91598,1,0.937313432835821,4
Social Studies,2020,91596,1,0.904275092936803,4
Social Studies,2020,91597,1,0.875,6
Social Studies,2020,91600,2,0.853126642143983,4
Social Studies,2020,91599,2,0.843975903614458,6
Biology,2020,91607,1,1.0,3
Biology,2020,91602,1,1.0,3
Biology,2020,91603,1,0.943383559600179,5
Biology,2020,91605,1,0.943190368698269,4
Biology,2020,91606,1,0.938704602071588,4
Biology,2020,91601,2,0.834855545200373,4
Biology,2020,91607,2,0.817247470692147,1
Technology/Hangarau,2020,91612,1,0.967687074829932,4
Technology/Hangarau,2020,91617,1,0.953086419753087,4
Technology/Hangarau,2020,91619,1,0.951219512195122,4
Technology/Hangarau,2020,91618,1,0.95,6
Technology/Hangarau,2020,91610,1,0.942307692307692,6
Construction and Mechanical Technologies,2020,91621,1,0.9375,6
Construction and Mechanical Technologies,2020,91625,1,0.92156862745098,3
Construction and Mechanical Technologies,2020,91624,1,0.9140625,3
Construction and Mechanical Technologies,2020,91620,1,0.893992932862191,6
Construction and Mechanical Technologies,2020,91620,2,0.860983981693364,6
Design and Visual Communication,2020,91627,1,0.963505747126437,4
Design and Visual Communication,2020,91631,1,0.907339449541284,6
Design and Visual Communication,2020,91630,1,0.865706319702602,6
Design and Visual Communication,2020,91629,2,0.849020674646355,6
Design and Visual Communication,2020,91628,1,0.824531516183986,2
Digital Technologies,2020,91633,1,1.0,6
Digital Technologies,2020,91641,1,1.0,4
Digital Technologies,2020,91639,1,0.923076923076923,4
Digital Technologies,2020,91636,1,0.913669064748201,4
Digital Technologies,2020,91640,1,0.90983606557377,4
Digital Technologies,2020,91641,2,0.9,2
Processing Technologies,2020,91643,1,0.878992628992629,6
Processing Technologies,2020,91644,1,0.795454545454545,4
Te Reo Māori,2020,91652,1,0.944037656903766,6
Te Reo Māori,2020,91653,1,0.922782874617737,6
Te Reo Māori,2020,91654,1,0.866666666666667,6
Te Reo Māori,2020,91651,2,0.850282485875706,6
Tongan,2020,91682,1,0.870503597122302,5
Tongan,2020,91679,1,0.86241610738255,5
Tongan,2020,91683,1,0.833333333333333,5
Tongan,2020,91680,1,0.738738738738739,3
Tongan,2020,91681,1,0.719512195121951,6
Te Reo Rangatira,2020,91808,1,0.937888198757764,3
Te Reo Rangatira,2020,91804,1,0.930769230769231,3
Te Reo Rangatira,2020,91806,1,0.920289855072464,4
Te Reo Rangatira,2020,91805,1,0.914141414141414,4
Te Reo Rangatira,2020,91803,1,0.856589147286822,3
Te Reo Rangatira,2020,91809,1,0.847972972972973,6
Te Reo Rangatira,2020,91810,1,0.829931972789116,1
Hauora,2020,91813,1,1.0,3
Hauora,2020,91814,1,0.631578947368421,3
Science/Pūtaiao,2020,91818,1,1.0,4
New Zealand Sign Language,2020,91825,1,1.0,6
New Zealand Sign Language,2020,91824,1,1.0,6
New Zealand Sign Language,2020,91823,1,0.833333333333333,3
New Zealand Sign Language,2020,91822,1,0.833333333333333,5
Tikanga ā-Iwi,2020,91826,1,1.0,4
Tikanga ā-Iwi,2020,91827,1,1.0,4
Tikanga ā-Iwi,2020,91835,1,1.0,4
Tikanga ā-Iwi,2020,91828,1,0.9,4
Tikanga ā-Iwi,2020,91830,1,0.9,4
Tikanga ā-Iwi,2020,91831,1,0.875,4
Ngā Mahi a te Rēhia,2020,91851,1,1.0,4
Ngā Mahi a te Rēhia,2020,91853,1,0.888888888888889,4
Ngā Mahi a te Rēhia,2020,91852,1,0.863636363636364,4
Ngā Mahi a te Rēhia,2020,91850,1,0.727272727272727,4
Ngā Mahi a te Rēhia,2020,91854,1,0.5,4
Ngā Toi Puoro,2020,91861,1,1.0,4
Ngā Toi Puoro,2020,91863,1,1.0,4
Ngā Toi Puoro,2020,91860,1,0.8125,4
Ngā Toi Puoro,2020,91862,1,0.7,4
Psychology,2020,91876,1,0.940226171243942,3
Psychology,2020,91872,1,0.834970530451866,6
Psychology,2020,91875,1,0.832807570977918,4
Psychology,2020,91874,1,0.829135180520571,6
Psychology,2020,91873,1,0.829013678905688,3
Digital Technologies and Hangarau Matihiko,2020,91908,1,0.927650429799427,3
Digital Technologies and Hangarau Matihiko,2020,91909,1,0.9,3
Digital Technologies and Hangarau Matihiko,2020,91905,1,0.865740740740741,4
Digital Technologies and Hangarau Matihiko,2020,91901,1,0.82013422818792,3
Digital Technologies and Hangarau Matihiko,2020,91900,1,0.817655571635311,6
Digital Technologies and Hangarau Matihiko,2020,91903,1,0.814954682779456,4
Digital Technologies and Hangarau Matihiko,2020,91902,1,0.810747663551402,1
Te Ao Haka,2020,91985,1,0.5,5
Religious Studies,2021,90827,1,1.0,6
Religious Studies,2021,91725,1,0.828619367209971,6
Religious Studies,2021,90825,1,0.82267531665122,6
Religious Studies,2021,90827,2,0.815196214862232,6
Education for Sustainability,2021,90831,1,0.961538461538462,5
Education for Sustainability,2021,91735,1,0.911167512690355,4
Education for Sustainability,2021,91736,1,0.898148148148148,4
Education for Sustainability,2021,90832,1,0.897560975609756,5
Education for Sustainability,2021,90828,1,0.871890547263682,6
Business Studies,2021,91383,1,1.0,3
Business Studies,2021,91380,1,0.939953810623557,4
Business Studies,2021,91381,1,0.923913043478261,4
Business Studies,2021,91379,1,0.903556034482759,4
Business Studies,2021,91385,1,0.887959866220736,3
Business Studies,2021,91870,1,0.885245901639344,4
Business Studies,2021,91871,1,0.878444084278768,2
Chemistry,2021,91387,1,1.0,4
Chemistry,2021,91393,1,1.0,3
Chemistry,2021,91392,1,0.886254661694193,5
Chemistry,2021,91390,1,0.881265076387028,5
Chemistry,2021,91391,1,0.875807030129125,5
Chemistry,2021,91389,2,0.8310972688069,2
Classical Studies,2021,91396,1,0.896551724137931,6
Classical Studies,2021,91394,1,0.891581632653061,4
Classical Studies,2021,91395,1,0.886223440712817,4
Classical Studies,2021,91398,1,0.84245201947866,6
Classical Studies,2021,91397,1,0.831476720936875,4
Economics,2021,91403,1,0.910911602209945,6
Economics,2021,91402,1,0.8984375,5
Economics,2021,91399,1,0.889135702746365,4
Economics,2021,91400,1,0.868801652892562,4
Economics,2021,91402,2,0.844514959202176,5
Accounting,2021,91409,1,1.0,4
Accounting,2021,91404,1,0.921641791044776,4
Accounting,2021,91408,1,0.906785034876347,4
Accounting,2021,91406,1,0.869755244755245,5
Accounting,2021,91405,1,0.85,4
Accounting,2021,91407,1,0.839285714285714,3
Earth and Space Science,2021,91415,1,1.0,4
Earth and Space Science,2021,91413,1,0.919834710743802,4
Earth and Space Science,2021,91412,1,0.902439024390244,4
Earth and Space Science,2021,91410,1,0.899926144756278,4
Earth and Space Science,2021,91414,1,0.888297872340426,4
Earth and Space Science,2021,91411,2,0.880810488676996,4
Music Studies,2021,91418,1,1.0,4
Music Studies,2021,91425,1,1.0,6
Music Studies,2021,91420,1,0.958762886597938,4
Music Studies,2021,91421,1,0.869230769230769,4
Music Studies,2021,91423,1,0.862694300518135,4
Music Studies,2021,91425,2,0.814956855225312,2
Geography,2021,91430,1,1.0,5
Geography,2021,91429,1,0.916001388406803,4
Geography,2021,91426,1,0.894518272425249,4
Geography,2021,91427,1,0.894301470588235,4
Geography,2021,91430,2,0.887526966071779,5
Geography,2021,91428,1,0.884821770793407,2
History,2021,91435,1,0.9125,5
History,2021,91436,1,0.912272993555946,4
History,2021,91438,1,0.886297844966227,6
History,2021,91439,1,0.870634920634921,6
History,2021,91435,2,0.831094489390933,3
Design (Practical Art),2021,91455,1,0.861729673744174,14
Design (Practical Art),2021,91450,1,0.851842629482072,4
Design (Practical Art),2021,91440,1,0.847122302158274,4
Design (Practical Art),2021,91445,1,0.829429960229783,2
Painting (Practical Art),2021,91441,1,1.0,4
Painting (Practical Art),2021,91446,1,1.0,4
Painting (Practical Art),2021,91456,1,0.869162342475908,14
Painting (Practical Art),2021,91451,1,0.861111111111111,2
Photography (Practical Art),2021,91442,1,1.0,4
Photography (Practical Art),2021,91457,1,0.885517799352751,14
Photography (Practical Art),2021,91452,1,0.880952380952381,4
Photography (Practical Art),2021,91447,2,0.869418386491557,2
Printmaking (Practical Art),2021,91443,1,0.890625,4
Printmaking (Practical Art),2021,91448,2,0.838199513381995,4
Printmaking (Practical Art),2021,91453,1,0.816816816816817,4
Printmaking (Practical Art),2021,91458,1,0.814199395770393,12
Sculpture (Practical Art),2021,91855,1,1.0,4
Sculpture (Practical Art),2021,91857,1,1.0,4
Sculpture (Practical Art),2021,91460,1,1.0,4
Sculpture (Practical Art),2021,91454,1,0.907738095238095,4
Sculpture (Practical Art),2021,91444,1,0.9,4
Sculpture (Practical Art),2021,91449,1,0.884803921568628,4
Health Education,2021,91815,1,1.0,5
Health Education,2021,91462,1,0.906434911242604,5
Health Education,2021,91461,1,0.901506996770721,5
Health Education,2021,91465,1,0.898916967509025,5
Health Education,2021,91463,1,0.89567031820553,4
Home Economics,2021,91467,1,1.0,5
Home Economics,2021,91466,1,0.955882352941176,5
Home Economics,2021,91471,1,0.931740614334471,4
Home Economics,2021,91467,2,0.926636568848759,5
Home Economics,2021,91468,1,0.923076923076923,5
English,2021,91474,1,0.931862657890055,4
English,2021,91473,1,0.90069207953422,4
English,2021,91477,1,0.891134020618557,3
English,2021,91475,1,0.884594279443035,6
English,2021,91480,1,0.882524839275278,3
English,2021,91472,1,0.878386699507389,4
History of Art,2021,91484,1,0.86875,4
History of Art,2021,91482,1,0.858823529411765,4
History of Art,2021,91487,1,0.838951310861423,4
History of Art,2021,91489,1,0.827361563517915,4
History of Art,2021,91485,1,0.823943661971831,4
History of Art,2021,91483,1,0.821078431372549,4
Media Studies,2021,91497,1,1.0,3
Media Studies,2021,91494,1,1.0,4
Media Studies,2021,91497,2,0.894071914480078,3
Media Studies,2021,91492,2,0.888482632541134,3
Media Studies,2021,91492,1,0.884615384615385,3
Media Studies,2021,91493,1,0.883112980769231,4
Media Studies,2021,91490,1,0.879012345679012,4
Physical Education,2021,91505,1,1.0,4
Physical Education,2021,91502,1,1.0,4
Physical Education,2021,91504,1,0.973509933774834,3
Physical Education,2021,91499,1,0.958333333333333,3
Physical Education,2021,91789,2,0.904837316441117,4
Physical Education,2021,91505,2,0.904080854309687,4
Physical Education,2021,91504,2,0.897271487039564,2
Latin,2021,91507,1,0.8,5
Latin,2021,91506,1,0.7875,6
Latin,2021,91508,1,0.672413793103448,6
Latin,2021,91511,1,0.636363636363636,3
Latin,2021,91510,1,0.5625,3
Latin,2021,91509,1,0.543478260869565,1
Drama,2021,91513,1,1.0,5
Drama,2021,91517,1,1.0,5
Drama,2021,91515,1,1.0,4
Drama,2021,91514,1,0.897216274089936,4
Drama,2021,91518,1,0.8970736629667,4
Drama,2021,91519,1,0.889570552147239,2
Physics,2021,91527,1,1.0,3
Physics,2021,91524,1,0.897698568621948,6
Physics,2021,91523,1,0.888719267234453,4
Physics,2021,91526,1,0.883946223803875,6
Physics,2021,91522,1,0.86,3
Physics,2021,91527,2,0.852363960749331,2
Agriculture & Horticulture,2021,91530,1,0.927152317880795,5
Agriculture & Horticulture,2021,91531,1,0.923553719008265,4
Agriculture & Horticulture,2021,91532,1,0.899361022364217,5
Agriculture & Horticulture,2021,91529,1,0.869617224880383,6
Agriculture & Horticulture,2021,91528,1,0.864814814814815,4
Chinese,2021,91536,1,0.741686460807601,5
Chinese,2021,91533,1,0.73543990086741,5
Chinese,2021,91534,1,0.601485148514852,3
Chinese,2021,91537,1,0.573218997361478,5
Chinese,2021,91535,1,0.569421487603306,6
Cook Islands Maori,2021,91538,1,0.852272727272727,5
Cook Islands Maori,2021,91541,1,0.83695652173913,5
Cook Islands Maori,2021,91540,1,0.805555555555556,6
Cook Islands Maori,2021,91539,1,0.75,3
Cook Islands Maori,2021,91542,1,0.720338983050848,5
French,2021,91543,1,0.85180412371134,5
French,2021,91546,1,0.848060344827586,5
French,2021,91545,1,0.721311475409836,6
French,2021,91544,1,0.709809264305177,3
French,2021,91547,1,0.681262729124236,5
German,2021,91548,1,0.845454545454546,5
German,2021,91551,1,0.831395348837209,5
German,2021,91549,1,0.745283018867925,3
German,2021,91550,1,0.708333333333333,6
German,2021,91552,1,0.679245283018868,5
Japanese,2021,91553,1,0.826612903225807,5
Japanese,2021,91556,1,0.8076171875,5
Japanese,2021,91554,1,0.728813559322034,3
Japanese,2021,91555,1,0.718253968253968,6
Japanese,2021,91557,1,0.705372616984402,5
Korean,2021,91558,1,0.701612903225807,5
Korean,2021,91561,1,0.6484375,5
Korean,2021,91560,1,0.628571428571429,6
Korean,2021,91562,1,0.625,5
Korean,2021,91559,1,0.6,3
Samoan,2021,91566,1,0.889250814332248,5
Samoan,2021,91563,1,0.865646258503401,5
Samoan,2021,91564,1,0.820783132530121,3
Samoan,2021,91565,1,0.792642140468228,6
Samoan,2021,91567,1,0.783076923076923,5
Spanish,2021,91568,1,0.850931677018634,5
Spanish,2021,91571,1,0.822192513368984,5
Spanish,2021,91569,1,0.718354430379747,3
Spanish,2021,91570,1,0.709205020920502,6
Spanish,2021,91572,1,0.667525773195876,5
Calculus,2021,91575,1,1.0,4
Calculus,2021,91576,2,0.93593625498008,2
Calculus,2021,91578,1,0.902897657213317,6
Calculus,2021,91579,1,0.887853841709994,6
Calculus,2021,91576,1,0.885714285714286,2
Calculus,2021,91577,1,0.880058550025831,4
Statistics,2021,91581,1,1.0,4
Statistics,2021,91583,1,1.0,4
Statistics,2021,91582,1,0.962962962962963,4
Statistics,2021,91580,1,0.961538461538462,4
Statistics,2021,91584,1,0.931470588235294,4
Statistics,2021,91585,1,0.906778523489933,4
Dance,2021,91594,1,0.855371900826446,4
Dance,2021,91595,1,0.814102564102564,4
Dance,2021,91593,2,0.797058823529412,4
Dance,2021,91588,2,0.789244186046512,8
Dance,2021,91589,2,0.783333333333333,4
Social Studies,2021,91598,1,0.869146005509642,4
Social Studies,2021,91600,1,0.846744186046512,4
Social Studies,2021,91597,1,0.831052383199623,6
Social Studies,2021,91599,1,0.830473218928757,6
Social Studies,2021,91596,1,0.788187372708758,4
Biology,2021,91604,1,1.0,3
Biology,2021,91601,1,0.941176470588235,4
Biology,2021,91602,1,0.9375,3
Biology,2021,91603,1,0.917859725234996,5
Biology,2021,91607,1,0.911764705882353,3
Biology,2021,91605,1,0.893162393162393,4
Biology,2021,91606,1,0.876957343412527,2
Technology/Hangarau,2021,91608,1,1.0,4
Technology/Hangarau,2021,91610,1,1.0,6
Technology/Hangarau,2021,91611,1,1.0,6
Technology/Hangarau,2021,91613,1,0.93717277486911,4
Technology/Hangarau,2021,91619,1,0.915730337078652,4
Construction and Mechanical Technologies,2021,91625,1,0.893939393939394,3
Construction and Mechanical Technologies,2021,91624,1,0.885321100917431,3
Construction and Mechanical Technologies,2021,91620,2,0.859390862944163,6
Construction and Mechanical Technologies,2021,91622,2,0.818511796733212,4
Construction and Mechanical Technologies,2021,91623,1,0.817524115755627,4
Construction and Mechanical Technologies,2021,91626,1,0.794047619047619,4
Design and Visual Communication,2021,91628,1,1.0,6
Design and Visual Communication,2021,91627,1,0.931232876712329,4
Design and Visual Communication,2021,91629,1,0.909090909090909,6
Design and Visual Communication,2021,91630,1,0.85296803652968,6
Design and Visual Communication,2021,91628,2,0.852872670807453,2
Processing Technologies,2021,91643,1,0.976190476190476,6
Processing Technologies,2021,91644,1,0.873239436619719,4
Processing Technologies,2021,91643,2,0.846050870147256,6
Te Reo Māori,2021,91654,1,1.0,6
Te Reo Māori,2021,91652,1,0.905945419103314,6
Te Reo Māori,2021,91653,1,0.887931034482759,6
Te Reo Māori,2021,91654,2,0.846246006389776,6
Tongan,2021,91682,1,0.844827586206897,5
Tongan,2021,91679,1,0.817796610169492,5
Tongan,2021,91683,1,0.775862068965517,5
Tongan,2021,91680,1,0.774390243902439,3
Tongan,2021,91681,1,0.772727272727273,6
Te Reo Rangatira,2021,91806,1,0.948051948051948,4
Te Reo Rangatira,2021,91808,1,0.9,3
Te Reo Rangatira,2021,91804,1,0.895454545454545,3
Te Reo Rangatira,2021,91805,1,0.852941176470588,4
Te Reo Rangatira,2021,91817,1,0.847368421052632,4
Te Reo Rangatira,2021,91809,1,0.830357142857143,6
Hauora,2021,91814,1,1.0,3
New Zealand Sign Language,2021,91822,1,1.0,5
New Zealand Sign Language,2021,91824,1,1.0,6
New Zealand Sign Language,2021,91825,1,0.916666666666667,6
Tikanga ā-Iwi,2021,91830,1,0.972222222222222,4
Tikanga ā-Iwi,2021,91832,1,0.9375,4
Tikanga ā-Iwi,2021,91833,1,0.93,4
Tikanga ā-Iwi,2021,91829,1,0.928571428571429,4
Tikanga ā-Iwi,2021,91831,1,0.909090909090909,4
Tikanga ā-Iwi,2021,91827,1,0.909090909090909,4
Ngā Mahi a te Rēhia,2021,91852,1,1.0,4
Ngā Toi Puoro,2021,91860,1,0.833333333333333,4
Ngā Toi Puoro,2021,91862,1,0.833333333333333,4
Ngā Toi Puoro,2021,91861,1,0.8,4
Ngā Toi Puoro,2021,91863,1,0.8,4
Ngā Toi Puoro,2021,91864,1,0.8,4
Psychology,2021,91876,1,0.887272727272727,3
Psychology,2021,91874,1,0.846715328467153,6
Psychology,2021,91875,1,0.845484672742336,4
Psychology,2021,91872,1,0.842271293375394,6
Psychology,2021,91873,1,0.825121654501217,3
Digital Technologies and Hangarau Matihiko,2021,91908,1,0.871247113163972,3
Digital Technologies and Hangarau Matihiko,2021,91909,1,0.860753676470588,3
Digital Technologies and Hangarau Matihiko,2021,91901,1,0.831958762886598,3
Digital Technologies and Hangarau Matihiko,2021,91905,1,0.830882352941177,4
Digital Technologies and Hangarau Matihiko,2021,91900,1,0.8289592760181,6
Digital Technologies and Hangarau Matihiko,2021,91907,1,0.816462736373749,5
Te Ao Haka,2021,91984,1,0.767741935483871,5
Te Ao Haka,2021,91985,1,0.726744186046512,5
Te Ao Haka,2021,91987,1,0.710344827586207,5
Te Ao Haka,2021,91986,1,0.607784431137725,5
Science - Core,2022,90728,3,1.0,4
Religious Studies,2022,90826,2,1.0,6
Religious Studies,2022,91725,2,0.846541456710948,6
Religious Studies,2022,90825,3,0.841811617984903,6
Religious Studies,2022,90827,3,0.839526038619076,6
Education for Sustainability,2022,90828,2,1.0,6
Education for Sustainability,2022,90832,2,1.0,5
Education for Sustainability,2022,91736,2,0.930232558139535,4
Education for Sustainability,2022,90832,3,0.893013100436681,5
Education for Sustainability,2022,90828,3,0.885514018691589,4
Business Studies,2022,91381,2,0.958698372966208,4
Business Studies,2022,91379,2,0.956686930091185,4
Business Studies,2022,91380,2,0.952099737532808,4
Business Studies,2022,91870,1,0.881031613976706,4
Business Studies,2022,91385,2,0.877358490566038,3
Business Studies,2022,91869,1,0.872064276885043,4
Business Studies,2022,91383,2,0.870923913043478,1
Chemistry,2022,91388,1,1.0,3
Chemistry,2022,91390,2,0.935838307107976,5
Chemistry,2022,91391,2,0.932873656459136,5
Chemistry,2022,91392,2,0.921947004608295,5
Chemistry,2022,91389,2,0.848421312284164,3
Chemistry,2022,91389,1,0.833333333333333,3
Classical Studies,2022,91397,1,1.0,6
Classical Studies,2022,91395,2,0.936563876651982,4
Classical Studies,2022,91396,2,0.934979838709677,6
Classical Studies,2022,91394,2,0.934072345390899,4
Classical Studies,2022,91398,1,0.875,4
Economics,2022,91402,1,1.0,5
Economics,2022,91403,2,0.962692619626926,6
Economics,2022,91399,2,0.934841628959276,4
Economics,2022,91400,2,0.927921092564492,4
Economics,2022,91402,2,0.85,5
Accounting,2022,91409,1,1.0,4
Accounting,2022,91408,2,0.954666666666667,4
Accounting,2022,91404,2,0.952586206896552,4
Accounting,2022,91406,2,0.932033719704953,5
Accounting,2022,91407,2,0.841283361726292,5
Accounting,2022,91409,2,0.815361574668378,2
Earth and Space Science,2022,91412,1,1.0,4
Earth and Space Science,2022,91413,2,0.961847389558233,4
Earth and Space Science,2022,91414,2,0.939220183486239,4
Earth and Space Science,2022,91412,2,0.900265957446809,4
Earth and Space Science,2022,91410,2,0.896994134897361,4
Earth and Space Science,2022,91411,2,0.890287769784173,4
Music Studies,2022,91423,2,0.950310559006211,4
Music Studies,2022,91420,2,0.936619718309859,4
Music Studies,2022,91421,3,0.90921052631579,4
Music Studies,2022,91425,2,0.825531914893617,6
Music Studies,2022,91422,2,0.797297297297297,4
Music Studies,2022,91419,2,0.765796703296703,2
Geography,2022,91431,1,1.0,3
Geography,2022,91429,2,0.953063418129702,4
Geography,2022,91426,2,0.943960826985854,4
Geography,2022,91427,2,0.935351270553064,4
Geography,2022,91430,2,0.891204668611922,5
Geography,2022,91432,2,0.878905452317746,3
Geography,2022,91428,2,0.877661711530735,1
History,2022,91437,1,1.0,5
History,2022,91436,2,0.94564907275321,4
History,2022,91439,2,0.94044665012407,6
History,2022,91438,2,0.938428459734167,6
History,2022,91435,2,0.844422700587084,3
Design (Practical Art),2022,91455,2,0.935085007727975,14
Design (Practical Art),2022,91440,2,0.86283185840708,4
Design (Practical Art),2022,91450,2,0.84289156626506,4
Design (Practical Art),2022,91445,2,0.836607142857143,2
Painting (Practical Art),2022,91456,2,0.896082474226804,14
Painting (Practical Art),2022,91446,2,0.842046718576196,4
Painting (Practical Art),2022,91451,2,0.83960355987055,4
Painting (Practical Art),2022,91441,2,0.836099585062241,2
Photography (Practical Art),2022,91447,1,1.0,4
Photography (Practical Art),2022,91452,1,1.0,4
Photography (Practical Art),2022,91457,2,0.926013805004314,14
Photography (Practical Art),2022,91452,2,0.872210065645514,2
Printmaking (Practical Art),2022,91443,2,0.884615384615385,4
Printmaking (Practical Art),2022,91453,2,0.852459016393443,4
Printmaking (Practical Art),2022,91458,2,0.851796407185629,14
Printmaking (Practical Art),2022,91448,2,0.848086124401914,2
Sculpture (Practical Art),2022,91449,1,1.0,4
Sculpture (Practical Art),2022,91859,1,1.0,4
Sculpture (Practical Art),2022,91856,1,1.0,4
Sculpture (Practical Art),2022,91855,1,1.0,4
Sculpture (Practical Art),2022,91454,2,0.910344827586207,4
Sculpture (Practical Art),2022,91857,1,0.9,4
Health Education,2022,91461,1,1.0,5
Health Education,2022,91462,2,0.968146718146718,5
Health Education,2022,91465,2,0.951342281879195,5
Health Education,2022,91461,2,0.89800796812749,5
Health Education,2022,91464,2,0.895785219399538,4
Home Economics,2022,91471,2,0.940931780366057,4
Home Economics,2022,91470,2,0.928571428571428,4
Home Economics,2022,91466,2,0.913713405238829,5
Home Economics,2022,91467,2,0.907035175879397,5
Home Economics,2022,91468,2,0.906639004149378,5
Home Economics,2022,91469,2,0.886861313868613,1
English,2022,91474,1,0.954847908745247,4
English,2022,91473,1,0.945585472761428,4
English,2022,91472,1,0.937527496700396,4
English,2022,91477,1,0.895343367826905,3
English,2022,91475,1,0.888892890585608,6
English,2022,91480,1,0.883990895295903,3
History of Art,2022,91482,2,0.928152492668622,4
History of Art,2022,91483,2,0.916879795396419,4
History of Art,2022,91484,2,0.902857142857143,4
History of Art,2022,91487,1,0.838879159369527,4
History of Art,2022,91486,1,0.826226012793177,4
History of Art,2022,91485,2,0.817472698907956,4
Media Studies,2022,91495,1,1.0,6
Media Studies,2022,91492,1,1.0,3
Media Studies,2022,91490,3,0.963553530751708,4
Media Studies,2022,91493,3,0.930993456276026,4
Media Studies,2022,91497,2,0.890350877192982,3
Media Studies,2022,91492,2,0.879656160458453,3
Media Studies,2022,91491,2,0.879169104739614,1
Physical Education,2022,91500,1,1.0,4
Physical Education,2022,91505,2,0.912946428571429,4
Physical Education,2022,91789,2,0.908320726172466,4
Physical Education,2022,91498,1,0.904761904761905,4
Physical Education,2022,91504,2,0.899195710455764,3
Physical Education,2022,91500,2,0.898900625134727,4
Physical Education,2022,91501,1,0.892857142857143,1
Latin,2022,91509,1,0.722222222222222,4
Latin,2022,91511,1,0.7,3
Latin,2022,91510,1,0.666666666666667,3
Latin,2022,91506,1,0.657894736842105,6
Latin,2022,91508,1,0.642857142857143,6
Latin,2022,91507,1,0.583333333333333,2
Drama,2022,91512,1,1.0,4
Drama,2022,91519,1,1.0,5
Drama,2022,91514,4,0.937677053824363,4
Drama,2022,91518,3,0.919021739130435,4
Drama,2022,91519,2,0.855357142857143,5
Drama,2022,91513,2,0.847457627118644,2
Physics,2022,91522,1,1.0,3
Physics,2022,91523,2,0.939990081005125,4
Physics,2022,91524,2,0.926548042704626,6
Physics,2022,91526,2,0.925756586109297,6
Physics,2022,91521,1,0.885135135135135,4
Physics,2022,91527,2,0.865015974440895,1
Agriculture & Horticulture,2022,91529,1,1.0,6
Agriculture & Horticulture,2022,91532,2,0.948224852071006,5
Agriculture & Horticulture,2022,91531,2,0.9453125,4
Agriculture & Horticulture,2022,91530,3,0.93312101910828,5
Agriculture & Horticulture,2022,91529,2,0.877510040160643,4
Chinese,2022,91536,1,0.858490566037736,5
Chinese,2022,91533,2,0.856780735107731,5
Chinese,2022,91534,1,0.611021069692058,3
Chinese,2022,91537,1,0.585568326947637,5
Chinese,2022,91535,1,0.556188925081433,6
Cook Islands Maori,2022,91538,2,0.967741935483871,5
Cook Islands Maori,2022,91541,1,0.95,5
Cook Islands Maori,2022,91542,1,0.893617021276596,5
Cook Islands Maori,2022,91540,1,0.875,6
Cook Islands Maori,2022,91539,1,0.78125,3
French,2022,91543,2,0.910094637223975,5
French,2022,91546,1,0.883419689119171,5
French,2022,91545,1,0.707364341085271,6
French,2022,91544,1,0.705357142857143,3
French,2022,91547,1,0.67375,5
German,2022,91548,2,0.909090909090909,5
German,2022,91551,1,0.888513513513514,5
German,2022,91549,1,0.724770642201835,3
German,2022,91550,1,0.6875,6
German,2022,91552,1,0.666666666666667,5
Japanese,2022,91556,1,0.904301075268817,5
Japanese,2022,91553,2,0.882863340563991,5
Japanese,2022,91554,1,0.742324561403509,3
Japanese,2022,91555,1,0.737654320987654,6
Japanese,2022,91557,1,0.730129390018484,5
Korean,2022,91558,2,0.791044776119403,5
Korean,2022,91561,1,0.669117647058824,5
Korean,2022,91559,1,0.65625,3
Korean,2022,91562,1,0.632352941176471,5
Korean,2022,91560,1,0.607142857142857,6
Samoan,2022,91566,1,0.872,5
Samoan,2022,91563,2,0.864224137931035,5
Samoan,2022,91567,1,0.802180685358256,5
Samoan,2022,91564,1,0.781758957654723,3
Samoan,2022,91565,1,0.78158844765343,6
Spanish,2022,91571,1,0.907103825136612,5
Spanish,2022,91568,2,0.904458598726115,5
Spanish,2022,91570,1,0.770642201834862,6
Spanish,2022,91569,1,0.72258064516129,3
Spanish,2022,91572,1,0.700738916256158,5
Calculus,2022,91576,1,0.965116279069768,2
Calculus,2022,91578,2,0.932511068943706,6
Calculus,2022,91579,2,0.932460423139518,6
Calculus,2022,91576,2,0.929898788783806,2
Calculus,2022,91577,2,0.895366945688145,5
Calculus,2022,91587,2,0.870161778046568,3
Statistics,2022,91580,1,1.0,4
Statistics,2022,91581,1,1.0,4
Statistics,2022,91584,2,0.958914268762978,4
Statistics,2022,91585,2,0.953614798079638,4
Statistics,2022,91586,2,0.944017007491395,4
Statistics,2022,91582,1,0.923076923076923,4
Dance,2022,91589,1,1.0,4
Dance,2022,91593,1,1.0,4
Dance,2022,91594,2,0.951515151515151,4
Dance,2022,91595,2,0.887755102040816,4
Dance,2022,91589,2,0.848167539267016,4
Dance,2022,91590,1,0.833333333333333,4
Social Studies,2022,91598,2,0.920398009950249,4
Social Studies,2022,91596,2,0.874233128834356,4
Social Studies,2022,91600,2,0.838306063522618,4
Social Studies,2022,91599,2,0.836675461741425,6
Social Studies,2022,91597,2,0.833178869323448,6
Biology,2022,91602,1,1.0,3
Biology,2022,91603,3,0.946123015261292,5
Biology,2022,91605,2,0.942176870748299,4
Biology,2022,91606,2,0.939086294416244,4
Biology,2022,91604,1,0.893617021276596,3
Biology,2022,91601,2,0.849418782502294,4
Biology,2022,91607,2,0.845980707395498,1
Technology/Hangarau,2022,91617,3,0.96301775147929,4
Technology/Hangarau,2022,91613,3,0.939759036144579,4
Technology/Hangarau,2022,91612,3,0.927350427350427,4
Technology/Hangarau,2022,91619,3,0.916666666666667,4
Technology/Hangarau,2022,91614,3,0.892857142857143,4
Technology/Hangarau,2022,91615,3,0.863636363636364,4
Construction and Mechanical Technologies,2022,91626,2,1.0,6
Construction and Mechanical Technologies,2022,91624,3,0.943548387096774,3
Construction and Mechanical Technologies,2022,91625,3,0.9125,3
Construction and Mechanical Technologies,2022,91620,4,0.858580508474576,6
Construction and Mechanical Technologies,2022,91622,3,0.820851688693098,4
Construction and Mechanical Technologies,2022,91621,3,0.819722650231125,2
Design and Visual Communication,2022,91627,3,0.975097929490767,4
Design and Visual Communication,2022,91631,3,0.898068669527897,6
Design and Visual Communication,2022,91630,3,0.86949846468782,6
Design and Visual Communication,2022,91629,3,0.856052344601963,6
Design and Visual Communication,2022,91628,3,0.85388845247447,2
Processing Technologies,2022,91644,3,0.854166666666667,4
Processing Technologies,2022,91643,3,0.851677852348993,6
Te Reo Māori,2022,91650,1,1.0,4
Te Reo Māori,2022,91652,2,0.952127659574468,6
Te Reo Māori,2022,91653,2,0.916783216783217,6
Te Reo Māori,2022,91651,2,0.851190476190476,6
Te Reo Māori,2022,91654,2,0.844589096826688,2
Tongan,2022,91682,1,0.925925925925926,5
Tongan,2022,91679,1,0.909638554216868,5
Tongan,2022,91680,1,0.802816901408451,3
Tongan,2022,91683,1,0.776041666666667,5
Tongan,2022,91681,1,0.721649484536083,6
Te Reo Rangatira,2022,91808,2,0.896634615384615,3
Te Reo Rangatira,2022,91806,1,0.888888888888889,4
Te Reo Rangatira,2022,91809,1,0.859848484848485,6
Te Reo Rangatira,2022,91804,1,0.837423312883436,3
Te Reo Rangatira,2022,91807,1,0.825892857142857,5
Te Reo Rangatira,2022,91803,1,0.814393939393939,3
Hauora,2022,91813,1,0.7,3
Hauora,2022,91814,1,0.6,3
Science/Pūtaiao,2022,91821,1,0.833333333333333,4
Science/Pūtaiao,2022,91818,1,0.5,4
Science/Pūtaiao,2022,91819,1,0.5,4
Science/Pūtaiao,2022,91820,1,0.5,4
New Zealand Sign Language,2022,91822,1,0.75,5
New Zealand Sign Language,2022,91824,1,0.7,6
New Zealand Sign Language,2022,91825,1,0.6,6
New Zealand Sign Language,2022,91823,1,0.5,3
Tikanga ā-Iwi,2022,91828,1,0.984848484848485,4
Tikanga ā-Iwi,2022,91831,1,0.928571428571429,4
Tikanga ā-Iwi,2022,91829,1,0.9,4
Tikanga ā-Iwi,2022,91833,1,0.894736842105263,4
Tikanga ā-Iwi,2022,91826,1,0.847826086956522,4
Tikanga ā-Iwi,2022,91830,1,0.846153846153846,4
Ngā Mahi a te Rēhia,2022,91850,1,0.666666666666667,4
Ngā Mahi a te Rēhia,2022,91853,1,0.5,4
Ngā Toi Puoro,2022,91860,1,1.0,4
Ngā Toi Puoro,2022,91861,1,1.0,4
Ngā Toi Puoro,2022,91862,1,0.75,4
Psychology,2022,91876,1,0.943103448275862,3
Psychology,2022,91874,1,0.874633000587199,6
Psychology,2022,91875,1,0.87312030075188,4
Psychology,2022,91873,1,0.86284355179704,3
Psychology,2022,91872,1,0.861344537815126,6
Digital Technologies and Hangarau Matihiko,2022,91909,1,0.927729772191673,3
Digital Technologies and Hangarau Matihiko,2022,91908,1,0.905233380480905,3
Digital Technologies and Hangarau Matihiko,2022,91902,1,0.837027379400261,4
Digital Technologies and Hangarau Matihiko,2022,91907,1,0.823547215496368,6
Digital Technologies and Hangarau Matihiko,2022,91900,1,0.81638418079096,6
Digital Technologies and Hangarau Matihiko,2022,91903,1,0.815076228119706,2
Te Ao Haka,2022,91984,1,0.81549815498155,5
Te Ao Haka,2022,91985,1,0.754385964912281,5
Te Ao Haka,2022,91987,1,0.728915662650602,5
Te Ao Haka,2022,91986,1,0.726829268292683,5
Religious Studies,2023,90827,2,0.894146817001028,6
Religious Studies,2023,90825,2,0.865493764869277,6
Religious Studies,2023,90827,3,0.82613172161367,6
Religious Studies,2023,91725,2,0.812117724995282,6
Education for Sustainability,2023,91736,2,0.913206773033033,4
Education for Sustainability,2023,90831,3,0.902230011442607,5
Education for Sustainability,2023,90828,3,0.856345291135917,6
Education for Sustainability,2023,91735,2,0.839269708917247,4
Education for Sustainability,2023,90832,3,0.810471082794357,5
Business Studies,2023,91379,2,0.989963593415827,4
Business Studies,2023,91380,2,0.981021690526486,4
Business Studies,2023,91381,2,0.975246773981792,4
Business Studies,2023,91385,2,0.884394938853545,3
Business Studies,2023,91869,1,0.868873887096046,4
Business Studies,2023,91871,1,0.866240760659651,4
Business Studies,2023,91382,1,0.864772648050727,1
Chemistry,2023,91391,2,1.0,5
Chemistry,2023,91390,2,0.982753270032971,5
Chemistry,2023,91392,2,0.973752536290052,5
Chemistry,2023,91389,2,0.829973781465706,3
Chemistry,2023,91387,2,0.820679717596048,4
Chemistry,2023,91393,1,0.782255562639797,2
Classical Studies,2023,91396,2,0.987114097265663,6
Classical Studies,2023,91394,2,0.978192302937483,4
Classical Studies,2023,91395,2,0.964063269129151,4
Classical Studies,2023,91397,2,0.820697477425986,6
Classical Studies,2023,91398,2,0.81919634166396,4
Economics,2023,91403,2,1.0,6
Economics,2023,91400,2,0.980383993929053,4
Economics,2023,91399,2,0.973991849160969,4
Economics,2023,91401,1,0.890665770734606,5
Economics,2023,91402,2,0.887004974659214,5
Accounting,2023,91408,2,0.994423082580562,4
Accounting,2023,91404,2,0.984607078492664,4
Accounting,2023,91406,2,0.960814671332442,5
Accounting,2023,91407,2,0.821984438906803,5
Accounting,2023,91409,2,0.778172230161336,4
Accounting,2023,91405,2,0.770610104555825,2
Earth and Space Science,2023,91410,1,0.992635962471033,4
Earth and Space Science,2023,91412,1,0.991359489315849,4
Earth and Space Science,2023,91413,2,0.988170198590958,4
Earth and Space Science,2023,91414,2,0.939103406461207,4
Earth and Space Science,2023,91410,2,0.8975838791377,4
Earth and Space Science,2023,91412,2,0.889367079448676,4
Music Studies,2023,91420,2,1.0,4
Music Studies,2023,91423,2,0.974279289461371,4
Music Studies,2023,91419,1,0.973615896264129,8
Music Studies,2023,91421,3,0.971768061455286,4
Music Studies,2023,91425,2,0.816361215054684,4
Geography,2023,91427,2,0.981284823827409,4
Geography,2023,91429,2,0.978881306148987,4
Geography,2023,91426,2,0.970482661534023,4
Geography,2023,91432,1,0.92399234218355,3
Geography,2023,91430,1,0.917368560419352,5
Geography,2023,91430,2,0.898135240350378,4
History,2023,91439,2,1.0,6
History,2023,91434,1,0.98091046787243,5
History,2023,91436,2,0.980423780133032,4
History,2023,91438,2,0.9499795726275,6
History,2023,91435,2,0.82140116424263,3
Design (Practical Art),2023,91450,1,0.965923118639239,4
Design (Practical Art),2023,91455,2,0.944258265650177,14
Design (Practical Art),2023,91445,1,0.922257926995978,4
Design (Practical Art),2023,91440,2,0.86880673287689,2
Painting (Practical Art),2023,91456,2,0.925666267445878,14
Painting (Practical Art),2023,91451,1,0.917868164560984,4
Painting (Practical Art),2023,91446,1,0.905517813757682,4
Painting (Practical Art),2023,91451,2,0.823553134056269,2
Photography (Practical Art),2023,91457,2,0.938664407937909,14
Photography (Practical Art),2023,91442,2,0.896079149760802,4
Photography (Practical Art),2023,91452,2,0.881457289587416,4
Photography (Practical Art),2023,91447,2,0.854872234084534,2
Printmaking (Practical Art),2023,91448,2,0.850837944133784,4
Printmaking (Practical Art),2023,91453,2,0.840864586745788,4
Printmaking (Practical Art),2023,91443,2,0.815256139751606,4
Printmaking (Practical Art),2023,91458,2,0.790789313542232,12
Sculpture (Practical Art),2023,91859,1,1.0,4
Sculpture (Practical Art),2023,91454,1,0.983501938823658,4
Sculpture (Practical Art),2023,91460,1,0.93947439810257,4
Sculpture (Practical Art),2023,91459,2,0.870826234770847,12
Health Education,2023,91462,2,1.0,5
Health Education,2023,91461,1,0.989637988677591,5
Health Education,2023,91464,1,0.986374314498315,4
Health Education,2023,91465,2,0.968536644959961,5
Health Education,2023,91816,1,0.940244661545264,4
Health Education,2023,91811,1,0.906528241004448,1
Home Economics,2023,91471,2,0.945711302601828,4
Home Economics,2023,91470,2,0.922823787212791,4
Home Economics,2023,91467,2,0.892745186444705,5
Home Economics,2023,91466,2,0.892208558832693,5
Home Economics,2023,91468,2,0.892027553467497,5
Home Economics,2023,91469,2,0.869497912175515,1
English,2023,91474,1,0.982172315289998,4
English,2023,91473,1,0.974206367488433,4
English,2023,91472,1,0.967687339582905,4
English,2023,91477,1,0.898014307221848,3
English,2023,91475,1,0.884338221292639,6
English,2023,91476,1,0.883459329033573,3
History of Art,2023,91484,2,0.983432610456594,4
History of Art,2023,91482,2,0.977549362120153,4
History of Art,2023,91483,2,0.950069838580041,4
History of Art,2023,91486,1,0.831482791454273,4
History of Art,2023,91487,1,0.820558817312083,4
History of Art,2023,91485,2,0.81994620451234,4
Media Studies,2023,91497,1,0.997071693470231,3
Media Studies,2023,91495,1,0.993530528570626,6
Media Studies,2023,91490,3,0.969013006889417,4
Media Studies,2023,91493,3,0.946961984522912,4
Media Studies,2023,91497,2,0.880754677153215,3
Media Studies,2023,91491,2,0.876887275458836,3
Media Studies,2023,91492,2,0.871771697274613,1
Physical Education,2023,91503,1,0.987182567777877,5
Physical Education,2023,91789,2,0.90527211955703,4
Physical Education,2023,91505,2,0.894898908848543,4
Physical Education,2023,91500,2,0.893680957551133,4
Physical Education,2023,91504,2,0.890730173557113,3
Physical Education,2023,91499,2,0.870785022268438,3
Physical Education,2023,91498,2,0.864594391720062,1
Latin,2023,91509,1,0.80092678085839,4
Latin,2023,91507,1,0.682688503183941,5
Latin,2023,91506,1,0.651933237235216,6
Latin,2023,91508,1,0.554042445089432,6
Latin,2023,91510,1,0.5,3
Drama,2023,91514,4,1.0,4
Drama,2023,91512,1,0.984712873996622,4
Drama,2023,91518,3,0.938830656611243,4
Drama,2023,91519,2,0.858868632165378,5
Drama,2023,91513,2,0.849132294491116,5
Drama,2023,91516,2,0.841714440397357,2
Physics,2023,91521,1,0.997161855841571,4
Physics,2023,91522,1,0.988062996358176,3
Physics,2023,91523,2,0.974344699764953,4
Physics,2023,91524,2,0.958341635197101,6
Physics,2023,91526,2,0.941582076322435,6
Physics,2023,91525,1,0.931266334333845,1
Agriculture & Horticulture,2023,91530,3,0.966351836492358,5
Agriculture & Horticulture,2023,91532,2,0.96540663667963,5
Agriculture & Horticulture,2023,91531,2,0.95101199248677,4
Agriculture & Horticulture,2023,91529,2,0.869319016198966,6
Agriculture & Horticulture,2023,91528,2,0.860468542448151,4
Chinese,2023,91536,1,0.867225927408383,5
Chinese,2023,91533,2,0.858486056126283,5
Chinese,2023,91534,1,0.591885358352901,3
Chinese,2023,91535,1,0.561825652972423,6
Chinese,2023,91537,1,0.542332245713984,5
Cook Islands Maori,2023,91538,2,0.978991802366812,5
Cook Islands Maori,2023,91541,1,0.939567119137242,5
Cook Islands Maori,2023,91540,1,0.925521856425425,6
Cook Islands Maori,2023,91542,1,0.817700377235502,5
Cook Islands Maori,2023,91539,1,0.812186038191915,3
French,2023,91543,2,0.941672354712994,5
French,2023,91546,1,0.905327670110276,5
French,2023,91545,1,0.689667073803551,6
French,2023,91544,1,0.666382597616265,3
French,2023,91547,1,0.624784474010971,5
German,2023,91548,2,0.920877984089569,5
German,2023,91551,1,0.903320877988847,5
German,2023,91550,1,0.626015836810335,6
German,2023,91552,1,0.618032143478594,5
German,2023,91549,1,0.602007297935374,3
Japanese,2023,91553,2,0.927055506636894,5
Japanese,2023,91556,1,0.910997573389627,5
Japanese,2023,91557,1,0.724413484476656,5
Japanese,2023,91555,1,0.713560877659113,6
Japanese,2023,91554,1,0.703233516634717,3
Korean,2023,91561,1,0.832498788014229,5
Korean,2023,91558,2,0.76086093226806,5
Korean,2023,91559,1,0.719281068078181,3
Korean,2023,91562,1,0.596091239571397,5
Korean,2023,91560,1,0.519509875188863,6
Samoan,2023,91566,1,0.916947892714292,5
Samoan,2023,91563,2,0.86682474281135,5
Samoan,2023,91564,1,0.784789467823943,3
Samoan,2023,91565,1,0.773282380253801,6
Samoan,2023,91567,1,0.736114509881796,5
Spanish,2023,91571,1,0.967565852763502,5
Spanish,2023,91568,2,0.95467218366057,5
Spanish,2023,91569,1,0.730274029350836,3
Spanish,2023,91570,1,0.695692999042125,6
Spanish,2023,91572,1,0.65521427883931,5
Calculus,2023,91578,2,0.997163988550868,6
Calculus,2023,91579,2,0.994464481075152,6
Calculus,2023,91577,2,0.971338165307098,5
Calculus,2023,91587,1,0.970909517035658,3
Calculus,2023,91576,1,0.937544984566226,2
Calculus,2023,91576,2,0.927900695989071,2
Statistics,2023,91584,2,1.0,4
Statistics,2023,91586,2,0.996499530831703,4
Statistics,2023,91585,2,0.971122772334027,4
Statistics,2023,91581,1,0.963293430725946,4
Statistics,2023,91582,1,0.960893403810044,4
Statistics,2023,91581,2,0.899781202780334,4
Dance,2023,91594,2,1.0,4
Dance,2023,91595,2,0.93689208438442,4
Dance,2023,91589,2,0.828521952605072,4
Dance,2023,91593,2,0.759832195547768,4
Dance,2023,91589,1,0.744930621335722,4
Dance,2023,91590,2,0.736797923167404,4
Social Studies,2023,91598,2,0.920599305274474,4
Social Studies,2023,91596,2,0.876799234066566,4
Social Studies,2023,91600,2,0.829677292597168,4
Social Studies,2023,91599,2,0.823314419310357,6
Social Studies,2023,91597,2,0.806992980000232,6
Biology,2023,91603,3,1.0,5
Biology,2023,91605,2,0.998417127943633,4
Biology,2023,91604,1,0.984766314723937,3
Biology,2023,91606,2,0.96586227394262,4
Biology,2023,91607,2,0.865264286956287,3
Biology,2023,91601,2,0.844224291991364,4
Biology,2023,91604,2,0.816931764845591,1
Technology/Hangarau,2023,91837,1,1.0,5
Technology/Hangarau,2023,91613,3,0.980686658245335,4
Technology/Hangarau,2023,91611,2,0.975873951636213,6
Technology/Hangarau,2023,91617,3,0.967225567907809,4
Technology/Hangarau,2023,91612,3,0.956652777957355,4
Technology/Hangarau,2023,91614,3,0.94936660935879,1
Construction and Mechanical Technologies,2023,91624,3,0.981632708354405,3
Construction and Mechanical Technologies,2023,91620,3,0.979941678835412,6
Construction and Mechanical Technologies,2023,91621,2,0.900309738753758,6
Construction and Mechanical Technologies,2023,91625,3,0.890410638664356,3
Construction and Mechanical Technologies,2023,91620,4,0.836410045218793,6
Design and Visual Communication,2023,91627,3,1.0,4
Design and Visual Communication,2023,91630,3,0.877126212967236,6
Design and Visual Communication,2023,91631,3,0.856635682721832,6
Design and Visual Communication,2023,91629,3,0.845603214696068,6
Design and Visual Communication,2023,91628,3,0.833196037234921,2
Processing Technologies,2023,91644,3,0.869978751691546,4
Processing Technologies,2023,91643,3,0.854482231118513,6
Te Reo Māori,2023,91652,2,0.968494407989031,6
Te Reo Māori,2023,91653,2,0.930613689311833,6
Te Reo Māori,2023,91651,1,0.869738640312551,6
Te Reo Māori,2023,91654,1,0.85952162688059,6
Tongan,2023,91682,1,0.881175171686588,5
Tongan,2023,91679,1,0.826770949985573,5
Tongan,2023,91681,1,0.788215035997134,6
Tongan,2023,91680,1,0.784231882474507,3
Tongan,2023,91683,1,0.752106230676439,5
Te Reo Rangatira,2023,91806,1,0.959146525856635,4
Te Reo Rangatira,2023,91808,2,0.944717982023971,3
Te Reo Rangatira,2023,91804,1,0.939057237103865,3
Te Reo Rangatira,2023,91817,1,0.826552796822088,4
Te Reo Rangatira,2023,91803,1,0.818182889346136,3
Te Reo Rangatira,2023,91810,1,0.800229221833919,4
Te Reo Rangatira,2023,91807,1,0.781290135152968,3
Hauora,2023,91814,1,1.0,3
Hauora,2023,91813,1,0.981014158885263,3
Science/Pūtaiao,2023,91821,1,0.930129584283913,4
Science/Pūtaiao,2023,91818,1,0.913656914674944,4
Science/Pūtaiao,2023,91820,1,0.898361103355435,4
Science/Pūtaiao,2023,91819,1,0.855076775260378,4
New Zealand Sign Language,2023,91822,1,0.985023020459557,5
New Zealand Sign Language,2023,91824,1,0.901762280074567,6
New Zealand Sign Language,2023,91825,1,0.864991990435298,6
New Zealand Sign Language,2023,91823,1,0.852192119355169,3
Tikanga ā-Iwi,2023,91826,1,1.0,4
Tikanga ā-Iwi,2023,91827,1,1.0,4
Tikanga ā-Iwi,2023,91834,1,1.0,4
Tikanga ā-Iwi,2023,91829,1,0.940206273261954,4
Tikanga ā-Iwi,2023,91828,1,0.880845684666598,4
Tikanga ā-Iwi,2023,91832,1,0.867109184996751,4
Ngā Mahi a te Rēhia,2023,91850,1,0.75,4
Ngā Toi Puoro,2023,91862,1,0.817948718573256,4
Psychology,2023,91876,1,0.979639935201406,3
Psychology,2023,91872,1,0.862663029883183,6
Psychology,2023,91874,1,0.858434229406325,6
Psychology,2023,91875,1,0.854967154009135,4
Psychology,2023,91873,1,0.830556421279202,3
Digital Technologies and Hangarau Matihiko,2023,91909,1,0.933908455398481,3
Digital Technologies and Hangarau Matihiko,2023,91908,1,0.923604918715951,3
Digital Technologies and Hangarau Matihiko,2023,91907,1,0.797075547741637,6
Digital Technologies and Hangarau Matihiko,2023,91902,1,0.78932173148582,4
Digital Technologies and Hangarau Matihiko,2023,91903,1,0.788830742362277,4
Digital Technologies and Hangarau Matihiko,2023,91900,1,0.786593654367177,4
Te Ao Haka,2023,91984,1,0.923793339710432,5
Te Ao Haka,2023,91987,2,0.859309038606268,5
Te Ao Haka,2023,91986,2,0.801550471413576,5
Te Ao Haka,2023,91985,1,0.79397372573886,5
Te Ao Haka,2023,91984,2,0.763056760434527,4
Religious Studies,2024,91725,1,0.986746683826753,6
Religious Studies,2024,91725,2,0.836016756819454,6
Religious Studies,2024,90827,3,0.834685879714404,6
Religious Studies,2024,90825,3,0.821314472951603,6
Education for Sustainability,2024,90831,3,0.914178759350001,5
Education for Sustainability,2024,90832,3,0.888157999674715,5
Education for Sustainability,2024,91736,2,0.883588550316876,4
Education for Sustainability,2024,90828,3,0.858745691886404,6
Education for Sustainability,2024,91735,2,0.828364941166139,4
Business Studies,2024,91383,1,0.989921408215302,3
Business Studies,2024,91379,2,0.98544103530674,4
Business Studies,2024,91382,1,0.98440709994672,6
Business Studies,2024,91381,2,0.981849587744988,4
Business Studies,2024,91380,2,0.970927432670487,4
Business Studies,2024,91870,1,0.884261839442528,3
Chemistry,2024,91391,2,1.0,5
Chemistry,2024,91390,2,0.99921829149962,5
Chemistry,2024,91393,1,0.967998240772951,3
Chemistry,2024,91392,2,0.963431474708364,5
Chemistry,2024,91389,2,0.844149457008733,3
Chemistry,2024,91387,2,0.824445347516404,3
Classical Studies,2024,91394,2,0.981440266520598,4
Classical Studies,2024,91396,2,0.980790406665892,6
Classical Studies,2024,91395,2,0.9628898750425,4
Classical Studies,2024,91398,2,0.807161417705137,6
Classical Studies,2024,91397,2,0.80576459671462,4
Economics,2024,91403,2,1.0,6
Economics,2024,91400,2,0.978478939816643,4
Economics,2024,91399,2,0.969991622259507,4
Economics,2024,91402,2,0.878800538573942,5
Economics,2024,91402,3,0.844725090212779,5
Accounting,2024,91408,2,0.989953424524634,4
Accounting,2024,91406,2,0.971629497501371,5
Accounting,2024,91404,2,0.96464616905649,4
Accounting,2024,91407,2,0.840785479628402,5
Accounting,2024,91409,2,0.793739382295681,4
Accounting,2024,91405,2,0.764136494154235,2
Earth and Space Science,2024,91413,2,0.998774694885929,4
Earth and Space Science,2024,91412,1,0.991155382202272,4
Earth and Space Science,2024,91414,2,0.945196433509187,4
Earth and Space Science,2024,91410,2,0.898028746092206,4
Earth and Space Science,2024,91412,2,0.872966587114014,4
Earth and Space Science,2024,91411,2,0.871283304416464,4
Music Studies,2024,91423,2,1.0,4
Music Studies,2024,91420,2,1.0,4
Music Studies,2024,91421,3,0.969281139399461,4
Music Studies,2024,91425,2,0.813985071051823,6
Music Studies,2024,91416,1,0.802742020462055,6
Geography,2024,91432,1,0.992544972117581,3
Geography,2024,91429,2,0.987506139806606,4
Geography,2024,91427,2,0.983673405129975,4
Geography,2024,91426,2,0.968161875328812,4
Geography,2024,91430,2,0.880635746592899,5
Geography,2024,91428,2,0.876840884700069,3
Geography,2024,91432,2,0.87193428509468,1
History,2024,91436,2,0.98585523171426,4
History,2024,91435,1,0.985089084147443,5
History,2024,91434,1,0.981838352081373,5
History,2024,91439,2,0.970887454850967,6
History,2024,91438,2,0.968329439300596,4
Design (Practical Art),2024,91450,1,0.985671932407706,4
Design (Practical Art),2024,91445,1,0.979209037299368,4
Design (Practical Art),2024,91455,2,0.936624771491651,14
Design (Practical Art),2024,91440,2,0.877958439562941,2
Painting (Practical Art),2024,91456,2,0.916035583251078,14
Painting (Practical Art),2024,91441,2,0.831539527470915,4
Painting (Practical Art),2024,91451,2,0.82580850535661,4
Painting (Practical Art),2024,91446,2,0.80597854032449,2
Photography (Practical Art),2024,91452,1,0.99274349497638,4
Photography (Practical Art),2024,91457,2,0.932489681501594,14
Photography (Practical Art),2024,91442,2,0.890111371195252,4
Photography (Practical Art),2024,91452,2,0.876167197532538,2
Printmaking (Practical Art),2024,91453,2,0.861206733542754,4
Printmaking (Practical Art),2024,91448,2,0.856302285486499,4
Printmaking (Practical Art),2024,91443,2,0.840712312077024,4
Printmaking (Practical Art),2024,91458,2,0.793475174779644,12
Sculpture (Practical Art),2024,91858,1,1.0,4
Sculpture (Practical Art),2024,91449,1,0.99384939175573,4
Sculpture (Practical Art),2024,91856,1,0.992693051984756,4
Sculpture (Practical Art),2024,91454,1,0.990233289128158,4
Sculpture (Practical Art),2024,91855,1,0.931499644823763,4
Sculpture (Practical Art),2024,91459,2,0.910616702443035,4
Health Education,2024,91462,2,1.0,5
Health Education,2024,91464,1,0.988431736177206,4
Health Education,2024,91465,2,0.97370508749098,5
Health Education,2024,91461,1,0.973131710970397,5
Health Education,2024,91816,1,0.970611373646362,4
Health Education,2024,91463,1,0.964115206651423,1
Home Economics,2024,91470,2,0.987910364559799,4
Home Economics,2024,91471,2,0.936812440183158,4
Home Economics,2024,91467,2,0.889139351098808,5
Home Economics,2024,91466,2,0.882319960530619,5
Home Economics,2024,91469,2,0.869962255646889,5
Home Economics,2024,91468,2,0.866115896913582,1
English,2024,91474,1,0.983540739842826,4
English,2024,91473,1,0.973596413648566,4
English,2024,91472,1,0.969442910269399,4
English,2024,91477,1,0.889664573790959,3
English,2024,91475,1,0.883013841439461,6
English,2024,91476,1,0.879357592864824,3
History of Art,2024,91482,2,0.966072757937015,4
History of Art,2024,91484,2,0.954797586863713,4
History of Art,2024,91483,2,0.938552124973467,4
History of Art,2024,91485,2,0.821321674665652,4
History of Art,2024,91489,1,0.817496742987832,4
History of Art,2024,91486,1,0.797081500555398,4
Media Studies,2024,91490,3,0.993976370316876,4
Media Studies,2024,91493,3,0.962516725517513,4
Media Studies,2024,91497,2,0.896892214552915,3
Media Studies,2024,91492,2,0.893382544459489,3
Media Studies,2024,91495,2,0.861708821670124,6
Media Studies,2024,91491,2,0.858182870207447,3
Media Studies,2024,91494,2,0.843533937884454,1
Physical Education,2024,91789,1,0.989881114444,4
Physical Education,2024,91501,1,0.983198128182643,4
Physical Education,2024,91498,1,0.927249027439278,4
Physical Education,2024,91812,1,0.897141779322764,5
Physical Education,2024,91789,2,0.885638532455453,4
Physical Education,2024,91505,2,0.881242391891768,3
Latin,2024,91510,1,0.75,3
Latin,2024,91507,1,0.667832254626923,5
Latin,2024,91508,1,0.620816302397177,6
Latin,2024,91506,1,0.574264135757464,6
Latin,2024,91509,1,0.5,4
Drama,2024,91515,1,0.979832773680365,4
Drama,2024,91514,4,0.974986043211209,4
Drama,2024,91518,3,0.941586649261906,4
Drama,2024,91519,2,0.877440922131721,5
Drama,2024,91513,2,0.834073700254852,5
Drama,2024,91516,2,0.815416216147131,2
Physics,2024,91521,1,1.0,4
Physics,2024,91525,1,0.988667073126358,3
Physics,2024,91523,2,0.979741229622109,4
Physics,2024,91524,2,0.975292831965469,6
Physics,2024,91526,2,0.952918230777404,6
Physics,2024,91527,1,0.925768881584413,1
Agriculture & Horticulture,2024,91532,2,0.963451634911792,5
Agriculture & Horticulture,2024,91530,3,0.947534446680988,5
Agriculture & Horticulture,2024,91531,2,0.946164923216264,4
Agriculture & Horticulture,2024,91529,2,0.875175999223621,6
Agriculture & Horticulture,2024,91528,2,0.867157365824703,4
Chinese,2024,91533,2,0.872512049846951,5
Chinese,2024,91536,1,0.854746455954866,5
Chinese,2024,91534,1,0.568189168267081,3
Chinese,2024,91537,1,0.55334594795284,5
Chinese,2024,91535,1,0.538188006598514,6
Cook Islands Maori,2024,91538,2,1.0,5
Cook Islands Maori,2024,91541,1,0.923394123343838,5
Cook Islands Maori,2024,91540,1,0.860137519438299,6
Cook Islands Maori,2024,91542,1,0.837381844571474,5
Cook Islands Maori,2024,91539,1,0.771208901462361,3
French,2024,91543,2,0.947739658009725,5
French,2024,91546,1,0.923758957568002,5
French,2024,91544,1,0.686624509619795,3
French,2024,91545,1,0.685935239919584,6
French,2024,91547,1,0.649531370649515,5
German,2024,91548,2,0.928470865378911,5
German,2024,91551,1,0.904270292709629,5
German,2024,91549,1,0.62746472023978,3
German,2024,91552,1,0.606957969518935,5
German,2024,91550,1,0.57705428181569,6
Japanese,2024,91553,2,0.916296105479586,5
Japanese,2024,91556,1,0.88634328218257,5
Japanese,2024,91555,1,0.737712810248203,6
Japanese,2024,91557,1,0.70602418083731,5
Japanese,2024,91554,1,0.705508419597987,3
Korean,2024,91558,2,0.736606077772789,5
Korean,2024,91561,1,0.733638375151547,5
Korean,2024,91559,1,0.700236952205408,3
Korean,2024,91562,1,0.557333482698828,5
Korean,2024,91560,1,0.55036236062729,6
Samoan,2024,91563,2,0.933661509204867,5
Samoan,2024,91566,1,0.930643635478868,5
Samoan,2024,91564,1,0.811924842237582,3
Samoan,2024,91565,1,0.787065026679996,6
Samoan,2024,91567,1,0.772357372658389,5
Spanish,2024,91571,1,0.962296027652524,5
Spanish,2024,91568,2,0.927567284962224,5
Spanish,2024,91570,1,0.720605908820819,6
Spanish,2024,91569,1,0.681366407892314,3
Spanish,2024,91572,1,0.67288778026054,5
Calculus,2024,91576,1,1.0,2
Calculus,2024,91578,2,0.976642049465597,6
Calculus,2024,91579,2,0.958000681511535,6
Calculus,2024,91576,2,0.930870224518299,2
Calculus,2024,91577,2,0.921679714893294,5
Calculus,2024,91587,1,0.87198714029547,3
Statistics,2024,91586,2,1.0,4
Statistics,2024,91581,1,0.999349030707429,4
Statistics,2024,91580,1,0.999033591383261,4
Statistics,2024,91583,1,0.997647104370644,4
Statistics,2024,91585,2,0.994974943865068,4
Statistics,2024,91584,2,0.976904271216204,4
Dance,2024,91595,2,0.995501740116129,4
Dance,2024,91594,2,0.992094920984003,4
Dance,2024,91591,1,0.789423994062872,4
Dance,2024,91589,2,0.768016384006698,4
Dance,2024,91593,2,0.756948049158375,4
Dance,2024,91590,2,0.745153332432467,4
Social Studies,2024,91600,1,0.985532354425144,4
Social Studies,2024,91599,1,0.98105452259215,6
Social Studies,2024,91598,2,0.93049198125792,4
Social Studies,2024,91596,2,0.875904536518301,4
Social Studies,2024,91600,2,0.836028339309414,4
Social Studies,2024,91599,2,0.817036361411673,2
Biology,2024,91603,3,1.0,5
Biology,2024,91605,2,0.998716378185025,4
Biology,2024,91601,1,0.99383576274064,4
Biology,2024,91606,2,0.967057779021122,4
Biology,2024,91607,1,0.900357732103133,3
Biology,2024,91602,1,0.886558098193657,3
Biology,2024,91607,2,0.859461619649805,1
Technology/Hangarau,2024,91617,3,0.985176679217064,4
Technology/Hangarau,2024,91611,2,0.98234272243734,6
Technology/Hangarau,2024,91608,1,0.977104552319896,4
Technology/Hangarau,2024,91608,2,0.977104552319896,4
Technology/Hangarau,2024,91612,3,0.95939846414957,4
Technology/Hangarau,2024,91614,3,0.954505160899667,2
Construction and Mechanical Technologies,2024,91624,3,0.918072356392591,3
Construction and Mechanical Technologies,2024,91620,3,0.91207837380161,6
Construction and Mechanical Technologies,2024,91625,3,0.866015701523343,3
Construction and Mechanical Technologies,2024,91620,4,0.854001496780894,6
Construction and Mechanical Technologies,2024,91623,3,0.811315590817878,4
Construction and Mechanical Technologies,2024,91622,3,0.805263854220483,2
Design and Visual Communication,2024,91627,3,1.0,4
Design and Visual Communication,2024,91630,2,0.994923269726759,6
Design and Visual Communication,2024,91628,2,0.984974602123622,6
Design and Visual Communication,2024,91630,3,0.868283511906375,6
Design and Visual Communication,2024,91631,3,0.851477122538423,2
Processing Technologies,2024,91644,3,0.895014718923961,4
Processing Technologies,2024,91644,1,0.86902461991406,4
Processing Technologies,2024,91643,3,0.836766336596375,6
Processing Technologies,2024,91643,1,0.809408525221285,6
Te Reo Māori,2024,91651,1,0.991109078231553,6
Te Reo Māori,2024,91654,1,0.989069515522297,6
Te Reo Māori,2024,91652,2,0.958520810552058,6
Te Reo Māori,2024,91653,2,0.923038863977415,6
Tongan,2024,91679,1,0.889882766728742,5
Tongan,2024,91682,1,0.878022660702624,5
Tongan,2024,91683,1,0.785490428109025,5
Tongan,2024,91680,1,0.781138061780099,3
Tongan,2024,91681,1,0.776862843256789,6
Te Reo Rangatira,2024,91804,1,0.957479344644404,3
Te Reo Rangatira,2024,91808,2,0.948961780978171,3
Te Reo Rangatira,2024,91806,1,0.919258120155653,4
Te Reo Rangatira,2024,91803,1,0.888303573039376,3
Te Reo Rangatira,2024,91809,1,0.863356765931732,6
Te Reo Rangatira,2024,91807,1,0.847743285099795,5
Hauora,2024,91813,1,1.0,3
Hauora,2024,91814,1,1.0,3
Science/Pūtaiao,2024,91818,1,0.880305395974087,4
Science/Pūtaiao,2024,91820,1,0.831242526210293,4
Science/Pūtaiao,2024,91821,1,0.622790411321584,4
Science/Pūtaiao,2024,91819,1,0.601884701486308,4
New Zealand Sign Language,2024,91822,1,0.95764990829249,5
New Zealand Sign Language,2024,91825,1,0.8720056631184,6
New Zealand Sign Language,2024,91823,1,0.849089338519831,3
New Zealand Sign Language,2024,91824,1,0.841940045697089,6
Tikanga ā-Iwi,2024,91829,1,0.955249925672342,4
Tikanga ā-Iwi,2024,91833,1,0.904773852440785,4
Tikanga ā-Iwi,2024,91831,1,0.830003102164055,4
Tikanga ā-Iwi,2024,91828,1,0.826901339909493,4
Tikanga ā-Iwi,2024,91830,1,0.731465964624582,4
Tikanga ā-Iwi,2024,91832,1,0.716420603945601,4
Ngā Mahi a te Rēhia,2024,91852,1,1.0,4
Ngā Toi Puoro,2024,91860,1,0.749072417190803,4
Ngā Toi Puoro,2024,91861,1,0.749072417190803,4
Ngā Toi Puoro,2024,91863,1,0.746577949984793,4
Ngā Toi Puoro,2024,91864,1,0.746577949984793,4
Ngā Toi Puoro,2024,91862,1,0.717735766322314,4
Psychology,2024,91876,1,0.975691132816192,3
Psychology,2024,91872,1,0.834733044544348,6
Psychology,2024,91874,1,0.833223798166783,6
Psychology,2024,91873,1,0.831127251216912,3
Psychology,2024,91875,1,0.826470289314705,4
Digital Technologies and Hangarau Matihiko,2024,91909,1,0.940931755275256,3
Digital Technologies and Hangarau Matihiko,2024,91908,1,0.922286187995039,3
Digital Technologies and Hangarau Matihiko,2024,91905,1,0.81491296702329,4
Digital Technologies and Hangarau Matihiko,2024,91904,1,0.797092460502475,6
Digital Technologies and Hangarau Matihiko,2024,91900,1,0.794840292604008,6
Digital Technologies and Hangarau Matihiko,2024,91903,1,0.792219852619554,2
Te Ao Haka,2024,91987,2,0.937170625112454,5
Te Ao Haka,2024,91984,1,0.913880319858441,5
Te Ao Haka,2024,91986,2,0.866534334431812,5
Te Ao Haka,2024,91984,2,0.799401902592254,5
Te Ao Haka,2024,91985,2,0.730653109206975,4
