"List of all adjusted percentile weightings by result (Not achieved, Achieved, Merit and Excellence) for Unit and Achievement standards by Academic Year (2025)",,,,,,
Academic Year,Standard Number,Standard Version ,Adjusted Not Achieved Percentile,Adjusted  Achieved Percentile,Adjusted Merit Percentile,Adjusted Excellence Percentile
2025,18,7,0.02878520988123312,0.5287852098812331,1,1
2025,36,6,0,0.5,1,1
2025,36,7,0,0.5,1,1
2025,37,6,0.03413215137146097,0.534132151371461,1,1
2025,37,7,0.03358136926086391,0.533581369260864,1,1
2025,43,9,0,0.5,1,1
2025,43,10,0,0.5,1,1
2025,122,8,0.456835924301474,0.9500011269509872,0.9880122809531734,0.9948470783036601
2025,122,9,0.3901692576348073,0.8833344602843205,0.9880122809531733,0.99484707830366
2025,168,7,0.01773765050193177,0.5177376505019318,1,1
2025,168,8,0.0557075014197097,0.5557075014197097,1,1
2025,376,9,0.002641513277016838,0.5026415132770168,1,1
2025,376,10,0,0.5,1,1
2025,378,9,0.02762903713021037,0.5276290371302104,1,1
2025,378,10,0,0.5,1,1
2025,424,8,0.01209454227032175,0.5120945422703218,1,1
2025,424,9,0,0.5,1,1
2025,427,8,0.04865978462331927,0.5486597846233192,1,1
2025,428,9,0.04453704549856102,0.544537045498561,1,1
2025,571,5,0.113476019631544,0.613476019631544,1,1
2025,572,6,0.05022603544315668,0.5502260354431567,1,1
2025,572,7,0.002606987824109064,0.5026069878241091,1,1
2025,573,5,0,0.5,1,1
2025,573,6,0,0.5,1,1
2025,575,5,0.04545454545454547,0.5454545454545454,1,1
2025,581,5,0,0.5,1,1
2025,582,5,0,0.5,1,1
2025,898,5,0.2000823534687712,0.7000823534687712,1,1
2025,920,5,0.08132315846761895,0.581323158467619,1,1
2025,1174,9,0,0.5,1,1
2025,1204,8,0,0.5,1,1
2025,1221,7,0,0.5,1,1
2025,1221,8,0,0.5,1,1
2025,1234,9,0,0.5,1,1
2025,1234,10,0,0.5,1,1
2025,1252,8,0,0.5,1,1
2025,1279,7,0.109872946734569,0.6098729467345689,1,1
2025,1279,8,0.04924118306098024,0.5492411830609802,1,1
2025,1296,7,0.04201056513605267,0.5420105651360527,1,1
2025,1296,8,0.08421835734384486,0.5842183573438449,1,1
2025,1304,9,0.07935303377538572,0.5793530337753857,1,1
2025,1304,10,0.0556835659882709,0.5556835659882708,1,1
2025,1307,8,0.04751502421972326,0.5475150242197233,1,1
2025,1307,9,0.07561477032469954,0.5756147703246995,1,1
2025,1312,7,0.02394440634254624,0.5239444063425462,1,1
2025,1312,8,0.0430197754179153,0.5430197754179154,1,1
2025,1626,6,0,0.5,1,1
2025,1626,7,0,0.5,1,1
2025,1629,7,0,0.5,1,1
2025,1650,8,0,0.5,1,1
2025,1651,6,0,0.5,1,1
2025,1651,7,0,0.5,1,1
2025,1667,8,0.5,1,1,1
2025,1672,7,0,0.5,1,1
2025,1734,8,0.01939943208970624,0.5193994320897062,1,1
2025,1753,7,0,0.5,1,1
2025,1753,8,0,0.5,1,1
2025,1810,9,0,0.5,1,1
2025,1818,8,0,0.5,1,1
2025,1980,9,0.09012603169681593,0.590126031696816,1,1
2025,1980,10,0.0333667397909358,0.5333667397909359,1,1
2025,1980,11,0.0306158364222448,0.5306158364222449,1,1
2025,2201,6,0,0.5,1,1
2025,2401,9,0,0.5,1,1
2025,2436,8,0.09568379459415688,0.5956837945941569,1,1
2025,2571,11,0.1263580654327812,0.6263580654327812,1,1
2025,2595,11,0.03457705551166862,0.5345770555116687,1,1
2025,2597,11,0.0629617522066035,0.5629617522066035,1,1
2025,2626,6,0,0.5,1,1
2025,2672,7,0.01279124480128258,0.5127912448012826,1,1
2025,2672,8,0.01279124480128258,0.5127912448012826,1,1
2025,2672,9,0.1794579114679493,0.6794579114679493,1,1
2025,2680,8,0,0.5,1,1
2025,2834,5,0,0.5,1,1
2025,2866,6,0,0.5,1,1
2025,2866,7,0,0.5,1,1
2025,2870,7,0,0.5,1,1
2025,2873,8,0.02173913043478259,0.5217391304347826,1,1
2025,2884,7,0,0.5,1,1
2025,2886,5,0,0.5,1,1
2025,2886,6,0,0.5,1,1
2025,2990,7,0.09588872262008313,0.5958887226200831,1,1
2025,2990,8,0.07509664341216238,0.5750966434121624,1,1
2025,3272,5,0,0.5,1,1
2025,3285,5,0,0.5,1,1
2025,3286,5,0,0.5,1,1
2025,3287,5,0,0.5,1,1
2025,3288,5,0,0.5,1,1
2025,3312,5,0,0.5,1,1
2025,3466,8,0.001743819521731416,0.5017438195217314,1,1
2025,3491,7,0.1569678468293675,0.6569678468293675,1,1
2025,3491,8,0.09345387032843033,0.5934538703284303,1,1
2025,3494,6,0.01830807306213794,0.5183080730621379,1,1
2025,3494,7,0.001979244233309141,0.5019792442333091,1,1
2025,3727,10,0.07923285558660131,0.5792328555866013,1,1
2025,3727,11,0,0.5,1,1
2025,3789,9,0,0.5,1,1
2025,3800,6,0,0.5,1,1
2025,3856,10,0.003091340193970893,0.503091340193971,1,1
2025,3896,7,0,0.5,1,1
2025,4251,8,0.02281840906299032,0.5228184090629904,1,1
2025,4251,9,0.04584975119903367,0.5458497511990337,1,1
2025,4251,10,0,0.5,1,1
2025,4438,7,0.02081316939322486,0.5208131693932249,1,1
2025,4592,6,0,0.5,1,1
2025,4645,10,0.001603137339844463,0.5000670717972697,0.997643559527225,0.9991796250697998
2025,4864,1,0,0.5,1,1
2025,4864,7,0.008324692952376422,0.5083246929523764,1,1
2025,4864,8,0.1606623552900388,0.6606623552900388,1,1
2025,5148,9,0,0.5,1,1
2025,5180,7,0.005405363591775181,0.5054053635917752,1,1
2025,5189,7,0,0.5,1,1
2025,5482,5,0.1409236528309404,0.6380583859556426,0.9962642811656844,0.9991295480409823
2025,5742,6,0,0.5,1,1
2025,5744,6,0,0.5,1,1
2025,5766,6,0,0.5,1,1
2025,5968,9,0.008064516129032251,0.5080645161290323,1,1
2025,6142,8,0.02167087016554103,0.521670870165541,0.9983657042957754,0.9983657042957753
2025,6143,8,0.100166391968645,0.6001663919686451,1,1
2025,6144,8,0,0.5,1,1
2025,6146,8,0.0782733648486344,0.5782733648486345,1,1
2025,6147,8,0,0.5,1,1
2025,6400,6,0,0.4999720896275938,0.9997745997121722,0.9998025100845784
2025,6400,7,0.002750402650109063,0.5027224922777029,0.9997745997121722,0.9998025100845784
2025,6400,8,0.002504482505620853,0.5024765721332147,0.9997745997121722,0.9998025100845784
2025,6400,9,0,0.4999720896275938,0.9997745997121722,0.9998025100845784
2025,6476,7,0.02499999818840448,0.5249999981884045,1,1
2025,6479,7,0,0.5,1,1
2025,6523,6,0,0.5,1,1
2025,6523,7,0,0.5,1,1
2025,6523,8,0,0.5,1,1
2025,6571,6,0.03502578278750279,0.5350257827875028,1,1
2025,6571,7,0.08180997496107895,0.581809974961079,1,1
2025,6580,8,0,0.5,1,1
2025,6582,6,0,0.5,1,1
2025,6611,6,0,0.5,1,1
2025,6612,6,0.02500000000000002,0.525,1,1
2025,6612,7,0,0.5,1,1
2025,6613,7,0,0.5,1,1
2025,6613,8,0,0.5,1,1
2025,6617,6,0,0.5,1,1
2025,6617,7,0,0.5,1,1
2025,6699,4,0.2671849440335153,0.7608501494573191,0.9936652054238038,0.9999999999999999
2025,6700,4,0,0.5,1,1
2025,6701,4,0,0.5,1,1
2025,6705,9,0,0.5,1,1
2025,6896,6,0.1746584427668607,0.6746584427668607,1,1
2025,6920,10,0,0.5,1,1
2025,6924,7,0,0.5,1,1
2025,6950,5,0,0.5,1,1
2025,6950,6,0,0.5,1,1
2025,7126,6,0.01731373391653979,0.5173137339165398,1,1
2025,7126,7,0.02475080485475489,0.5247508048547549,1,1
2025,7126,8,0.02992983298774721,0.5299298329877472,1,1
2025,7127,7,0.0658185637237183,0.5658185637237183,1,1
2025,7127,8,0.03394513262317667,0.5339451326231767,1,1
2025,7127,9,0,0.5,1,1
2025,7337,8,0,0.5,1,1
2025,7890,6,0,0,0,0.5
2025,7890,7,0,0.5,1,1
2025,8991,5,0.01246156288266037,0.2272582426427188,0.5666443745293455,0.851847694769287
2025,8995,5,0.08121579930152661,0.3377289548167853,0.654552252127435,0.8980390966121763
2025,8999,5,0.1509590700206265,0.3989439997264651,0.6342537732772744,0.8862688435714359
2025,9003,5,0.1048895070374745,0.3002218362409647,0.6370299717997698,0.9416976425962795
2025,9007,5,0,0,0,0.5
2025,9184,6,0,0.5,1,1
2025,9184,7,0,0.5,1,1
2025,9184,8,0,0.5,1,1
2025,9221,10,0.1915634385742002,0.583711048156184,0.8458222440408443,0.9536746344588605
2025,9681,7,0.0394736984663831,0.539473698466383,1,1
2025,9681,8,0.02869741148613009,0.52869741148613,1,1
2025,9694,8,0,0.5,1,1
2025,9694,9,0.0403614670054061,0.5403614670054061,1,1
2025,9695,7,0.1248769864373818,0.6248769864373818,1,1
2025,9695,8,0.05196031977071514,0.5519603197707151,1,1
2025,9695,9,0,0.5,1,1
2025,9705,7,0.03427444210263919,0.5342744421026392,1,1
2025,9705,8,0.0184086702905587,0.5184086702905587,1,1
2025,9792,5,0,0.5,1,1
2025,9913,9,0,0.5,1,1
2025,10013,6,0,0.5,1,1
2025,10013,7,0.009843420328730201,0.5098434203287302,1,1
2025,10013,8,0.01406769068203279,0.5140676906820327,1,1
2025,10019,7,0.01418043488504311,0.5141804348850432,1,1
2025,10026,7,0.03868772444540092,0.5386877244454009,1,1
2025,10082,4,0.06454918032786888,0.5645491803278688,1,1
2025,10087,4,0,0.5,1,1
2025,10308,5,0,0.5,1,1
2025,10545,6,0,0.5,1,1
2025,10645,4,0.02621504066432112,0.5260733173075739,0.9997519841260615,0.9998937074828086
2025,10707,7,0,0.5,1,1
2025,10851,4,0.003288625593588446,0.5011865353861744,0.9970030554896996,0.9991051456971136
2025,10851,5,0.001846515993258802,0.4997444257858448,0.9970030554896996,0.9991051456971136
2025,10852,4,0,0.5,1,1
2025,10852,5,0,0.5,1,1
2025,11095,7,0.06598671340256956,0.5659867134025696,1,1
2025,11095,8,0.1047382379618333,0.6047382379618333,1,1
2025,11097,5,0,0.5,1,1
2025,11097,6,0.01314521761942544,0.5131452176194254,1,1
2025,11815,7,0.03580123238780225,0.5358012323878023,1,1
2025,11815,8,0.1034271316683778,0.6034271316683777,1,1
2025,11816,7,0.3164513497226954,0.8088150538891714,0.988938319122849,0.9965746149563731
2025,11816,8,0.2395282727996185,0.7318919769660944,0.988938319122849,0.9965746149563731
2025,11817,7,0,0.5,1,1
2025,11817,8,0.01689833587783235,0.5168983358778323,1,1
2025,11817,9,0,0.5,1,1
2025,11818,7,0.003613919528434817,0.5036139195284348,1,1
2025,11818,8,0.02459163071030412,0.5245916307103041,1,1
2025,11827,6,0.05812650262860658,0.5555689031001547,0.9973655268775592,0.9999231264060111
2025,11831,7,0.1646864465884226,0.6646864465884226,1,1
2025,11831,8,0,0.5,1,1
2025,11831,9,0.01851158320044449,0.5185115832004445,1,1
2025,12009,7,0,0.5,1,1
2025,12356,6,0.09549684426117538,0.5954968442611754,1,1
2025,12356,7,0.01665115848777876,0.5166511584877788,1,1
2025,12356,8,0.04679554555987664,0.5467955455598766,1,1
2025,12395,4,0,0.5,1,1
2025,12997,5,0.001598469642566602,0.5015984696425666,1,1
2025,13002,4,0.002750626906656284,0.5022620419451198,0.9993904354669677,0.9998790204285043
2025,13008,4,0,0.5,1,1
2025,13009,4,0,0.5,1,1
2025,13010,5,0,0.5,1,1
2025,13015,4,0,0.5,1,1
2025,13016,4,0,0.5,1,1
2025,13016,5,0,0.5,1,1
2025,13016,6,0,0.5,1,1
2025,13053,4,0,0.5,1,1
2025,13053,5,0,0.5,1,1
2025,13053,6,0,0.5,1,1
2025,13059,4,0,0.5,1,1
2025,13282,6,0.03502438687355131,0.5350243868735514,1,1
2025,13288,6,0.02413075134062337,0.5241307513406234,1,1
2025,13293,6,0.01493798078059677,0.5149379807805967,1,1
2025,13300,6,0,0.5,1,1
2025,13304,7,0.002531352210095927,0.5025313522100959,1,1
2025,13310,6,0.0346923217780315,0.5346923217780315,1,1
2025,13314,7,0.03725239575553596,0.537252395755536,1,1
2025,13315,6,0.01716262056515511,0.5171626205651552,1,1
2025,13316,6,0.05382752579386052,0.5538275257938605,1,1
2025,13322,6,0.02872433964884269,0.5287243396488427,1,1
2025,13325,6,0.0457876253235191,0.5457876253235191,1,1
2025,13331,6,0.04534609508292631,0.5453460950829263,1,1
2025,13343,7,0.0737073878878256,0.5737073878878256,1,1
2025,13387,4,0,0.5,1,1
2025,13388,4,0,0.5,1,1
2025,14139,6,0,0.5,1,1
2025,14420,8,0.001605924111153012,0.4991839342144339,0.9965497373678482,0.9989717272645673
2025,14424,7,0,0.5,1,1
2025,14426,8,0,0.5,1,1
2025,14432,7,0,0.5,1,1
2025,14441,7,0.01042986760673531,0.5104298676067354,1,1
2025,14442,7,0,0.5,1,1
2025,14454,8,0,0.5,1,1
2025,14609,3,0,0.5,1,1
2025,14996,4,0,0.5,1,1
2025,14996,6,0,0.5,1,1
2025,14997,5,0.1476098626056192,0.6476098626056193,1,1
2025,14998,5,1.333874922445633E-4,0.5001333874922446,1,1
2025,14998,7,0.02472355142667082,0.5247235514266708,1,1
2025,15020,8,0,0.2123170593540025,0.5424622622244926,0.8301452028704901
2025,15158,6,0,0.5,1,1
2025,15299,7,0.01165557525451977,0.5116555752545198,1,1
2025,15310,7,0,0.5,1,1
2025,15446,4,0.0661009808746208,0.5661009808746208,1,1
2025,15757,5,0,0.5,1,1
2025,15844,7,0.003052990614190343,0.4882457084860233,0.97815109498924,0.9929583771174071
2025,15844,9,0.03876727632847604,0.523959994200309,0.97815109498924,0.9929583771174071
2025,15855,6,0,0.5,1,1
2025,15855,7,0,0.5,1,1
2025,16032,5,0,0.5,1,1
2025,16032,6,0,0.5,1,1
2025,16034,5,0,0.5,1,1
2025,16034,6,0,0.5,1,1
2025,16041,7,0.05169532093631402,0.551695320936314,1,1
2025,16042,6,0.04796487808392869,0.5479648780839287,1,1
2025,16049,6,0.08155426252575787,0.5815542625257579,1,1
2025,16051,6,0.1578947368421053,0.6578947368421053,1,1
2025,16052,5,0,0.5,1,1
2025,16052,6,0,0.5,1,1
2025,16053,6,0,0.5,1,1
2025,16056,6,0,0.5,1,1
2025,16059,6,0.05519341703203345,0.5551934170320334,1,1
2025,16136,10,0.0355150627137566,0.5355150627137566,1,1
2025,16139,7,0,0.5,1,1
2025,16139,8,0,0.5,1,1
2025,16143,9,0.005025944628949286,0.5050259446289493,1,1
2025,16167,7,0,0.5,1,1
2025,16337,5,0,0.5,1,1
2025,16337,6,0,0.5,1,1
2025,16340,5,0,0.5,1,1
2025,16340,6,0.010752688172043,0.510752688172043,1,1
2025,16407,7,0,0.5,1,1
2025,16407,8,0,0.5,1,1
2025,16560,5,0,0.5,1,1
2025,16617,6,0,0.5,1,1
2025,16673,5,0,0.5,1,1
2025,16673,6,0,0.5,1,1
2025,16674,5,0,0.5,1,1
2025,16701,4,0,0.5,1,1
2025,16701,5,0,0.5,1,1
2025,16701,6,0,0.5,1,1
2025,16702,4,0,0.5,1,1
2025,16702,5,0,0.5,1,1
2025,16702,6,0,0.5,1,1
2025,16703,4,0,0.5,1,1
2025,16703,5,0,0.5,1,1
2025,16703,6,0,0.5,1,1
2025,16712,3,0,0.5,1,1
2025,16712,4,0,0.5,1,1
2025,16718,6,0,0.5,1,1
2025,16718,7,0,0.5,1,1
2025,16800,4,0,0.5,1,1
2025,16800,5,0,0.5,1,1
2025,16802,4,0,0.5,1,1
2025,16802,5,0,0.5,1,1
2025,16850,7,0,0.5,1,1
2025,16856,7,0,0.5,1,1
2025,16857,7,0,0.5,1,1
2025,16870,5,0,0.5,1,1
2025,16871,3,0,0.5,1,1
2025,16871,4,0,0.5,1,1
2025,17025,5,0,0.5,1,1
2025,17164,6,0.1053485829290972,0.3467186753273046,0.6138508579143312,0.8724807655161237
2025,17167,5,0.1390227047577668,0.4031899583072856,0.6240189616051844,0.8598517080556657
2025,17170,5,0.1085251938242984,0.332224423514718,0.574257115510717,0.8505578858202973
2025,17204,3,0,0.5,1,1
2025,17236,4,0,0.5,1,1
2025,17253,5,0,0.5,1,1
2025,17253,6,0,0.5,1,1
2025,17255,5,0.08282250809731889,0.5828225080973188,1,1
2025,17261,6,0,0.5,1,1
2025,17284,6,0,0.5,1,1
2025,17284,7,0.01951398672635613,0.5195139867263561,1,1
2025,17288,8,0.02786281327059847,0.5278628132705985,1,1
2025,17385,7,0,0.5,1,1
2025,17391,8,0.02325581395348836,0.5232558139534884,1,1
2025,17391,9,0,0.5,1,1
2025,17459,8,8.699413082255414E-4,0.5008699413082256,1,1
2025,17459,9,0.008682441308225541,0.5086824413082256,1,1
2025,17574,6,0,0.5,1,1
2025,17578,9,0,0.5,1,1
2025,17586,6,0,0.4994757061730429,0.9993024812120399,0.9998267750389971
2025,17586,7,0.004927150893428989,0.5044028570664718,0.9993024812120399,0.9998267750389971
2025,17588,5,0,0.5,1,1
2025,17588,6,0,0.5,1,1
2025,17590,6,0,0.5,1,1
2025,17591,6,0,0.5,1,1
2025,17591,7,0.001337817727747714,0.5013378177277477,1,1
2025,17592,5,0,0.5,1,1
2025,17592,6,0.002487751650013137,0.5024877516500131,1,1
2025,17594,6,9.181964570674217E-4,0.5009181964570675,1,1
2025,17596,6,0,0.5,1,1
2025,17600,6,0,0.5,1,1
2025,17600,7,0.001954155116014322,0.5019541551160143,1,1
2025,17677,5,0.03737970235202232,0.5373797023520224,1,1
2025,17678,4,0,0.5,1,1
2025,17763,4,0,0.5,1,1
2025,17772,6,0,0.5,1,1
2025,17772,7,0,0.5,1,1
2025,17784,7,0,0.5,1,1
2025,17784,8,0.04213642515495358,0.5421364251549536,1,1
2025,17784,9,0,0.5,1,1
2025,17786,7,0.03037823693767949,0.5303782369376795,1,1
2025,17786,8,0.1109633433206582,0.6109633433206583,1,1
2025,17786,9,0.1071589954945713,0.6071589954945713,1,1
2025,17791,7,0,0.5,1,1
2025,17791,8,0.0526037173178211,0.5526037173178211,1,1
2025,17791,9,0.02816932817754964,0.5281693281775497,1,1
2025,17817,4,0,0.5,1,1
2025,17818,5,0,0.5,1,1
2025,17819,4,0,0.5,1,1
2025,17820,4,0,0.5,1,1
2025,17820,5,0,0.5,1,1
2025,17821,4,0,0.5,1,1
2025,17976,4,0,0.5,1,1
2025,17978,4,0,0.5,1,1
2025,18104,3,0,0.5,1,1
2025,18132,3,0.04114941073308165,0.5411494107330816,1,1
2025,18159,5,0,0.5,1,1
2025,18159,6,0,0.5,1,1
2025,18170,6,0,0.5,1,1
2025,18211,6,0.07205786028693262,0.5720578602869326,1,1
2025,18211,7,0,0.5,1,1
2025,18212,5,0.06199486631293338,0.5619948663129334,1,1
2025,18212,6,0.02641794323601032,0.5264179432360103,1,1
2025,18213,4,0.03685568342601064,0.5368556834260106,0.9997395301317036,0.9997395301317036
2025,18214,4,0,0.5,1,1
2025,18226,5,0.0875791453430157,0.5875791453430157,1,1
2025,18227,4,0,0.5,1,1
2025,18228,4,0.07105706250239285,0.5710570625023929,1,1
2025,18274,5,0,0.5,1,1
2025,18282,4,0,0.5,1,1
2025,18352,7,0.0731280523588907,0.5731280523588906,0.9995799070415767,0.9995799070415768
2025,18354,7,0,0.5,1,1
2025,18357,7,0,0.5,1,1
2025,18360,7,0.161713552504812,0.661713552504812,1,1
2025,18363,8,0,0.5,1,1
2025,18408,6,0.004791263688012803,0.5047912636880127,1,1
2025,18409,5,0.001036240146961021,0.501036240146961,1,1
2025,18409,6,0,0.5,1,1
2025,18426,8,0,0.5,1,1
2025,18426,9,0,0.5,1,1
2025,18496,3,0,0.5,1,1
2025,18496,4,0,0.5,1,1
2025,18497,9,0.07091600809963461,0.5709160080996346,1,1
2025,18516,3,0,0.5,1,1
2025,18692,7,0.01310692140101361,0.1098426191023454,0.3352110726554816,0.7384753749541497
2025,18694,6,0.2484314233153135,0.7450638875327604,0.9966324642174469,1
2025,18694,7,0.04388596876985901,0.1768820693509423,0.5879238984804472,0.954927797899364
2025,18715,6,0,0,0,0.5
2025,18741,7,0.01647585097006726,0.5164758509700673,1,1
2025,18750,8,0,0.5,1,1
2025,18862,5,8.894595008707151E-5,0.500088945950087,1,1
2025,18862,6,0.07821394595008707,0.578213945950087,1,1
2025,19046,4,0,0.5,1,1
2025,19054,4,0,0.5,1,1
2025,19055,4,0,0.5,1,1
2025,19070,3,0,0.5,1,1
2025,19075,3,0.02608506579936942,0.5260850657993694,1,1
2025,19103,3,0.05632504069839711,0.5538921382969877,0.9975670975985905,1
2025,19111,3,0.05682526587507397,0.556825265875074,1,1
2025,19115,3,0.003812371559073657,0.5038123715590737,1,1
2025,19131,3,0,0.5,1,1
2025,19149,3,0.09845336612185146,0.5984533661218514,1,1
2025,19157,3,0.09134026521837757,0.5913402652183776,1,1
2025,19207,3,0,0.5,1,1
2025,19359,4,0,0.5,1,1
2025,19428,3,0.00575127460105429,0.5057512746010543,1,1
2025,19491,4,0.005152467642132896,0.5051524676421328,1,1
2025,19522,4,2.034441787645558E-4,0.5001148813414222,0.9998271890990593,0.9999157519364016
2025,19522,5,0.002620849497056266,0.502532286659714,0.9998271890990593,0.9999157519364016
2025,19636,4,0.01565279129315333,0.5156527912931533,1,1
2025,19747,6,0.2995682042223605,0.7995682042223604,1,1
2025,19808,3,0.03398159785077004,0.5302342119941998,0.9962526141434299,1
2025,19851,4,0,0.5,1,1
2025,19851,5,0.06001571225922614,0.5600157122592262,1,1
2025,19873,4,0.08588798054213698,0.585887980542137,1,1
2025,19894,4,0,0.5,1,1
2025,19946,3,0.03125,0.53125,1,1
2025,19947,3,0.02000000000000002,0.52,1,1
2025,20046,5,0,0.5,1,1
2025,20057,4,0,0.5,1,1
2025,20121,2,0.05520257792497813,0.5552025779249781,1,1
2025,20149,4,0.04560458560763753,0.5456045856076375,1,1
2025,20150,4,0.0494468108216044,0.5494468108216044,1,1
2025,20182,4,0,0.5,1,1
2025,20183,4,0,0.5,1,1
2025,20184,4,0,0.5,1,1
2025,20186,4,0,0.5,1,1
2025,20305,4,0,0.5,1,1
2025,20305,5,0,0.5,1,1
2025,20306,4,0,0.5,1,1
2025,20306,5,0,0.5,1,1
2025,20388,3,0,0.5,1,1
2025,20533,5,0,0.5,1,1
2025,20555,5,0.03049809833657435,0.5304980983365744,1,1
2025,20557,5,0.0244876212087739,0.5244876212087739,1,1
2025,20560,4,0.06260412374552532,0.5626041237455253,1,1
2025,20644,4,0,0.5,1,1
2025,20673,4,0.05905039773404863,0.5590503977340486,1,1
2025,20751,3,0,0.5,1,1
2025,20793,3,0,0.5,1,1
2025,20802,4,0.06355591127032639,0.5595504448039169,0.99398595003093,0.9979914164973395
2025,20817,3,0.04708858407738631,0.5470885840773863,1,1
2025,20866,3,0,0.5,1,1
2025,20869,4,0,0.5,1,1
2025,20953,5,0,0.141069810079162,0.5857264159380272,0.9446566058588652
2025,20965,5,0,0.5,1,1
2025,21031,5,0.04617325748326195,0.546173257483262,1,1
2025,21045,2,0,0.5,1,1
2025,21047,2,0,0.5,1,1
2025,21110,2,0,0.5,1,1
2025,21110,3,0,0.5,1,1
2025,21110,4,0,0.5,1,1
2025,21290,5,0,0.5,1,1
2025,21291,5,0,0.5,1,1
2025,21292,5,0,0.5,1,1
2025,21293,5,0,0.5,1,1
2025,21313,5,0.2784128994338189,0.7784128994338189,1,1
2025,21332,4,0,0.5,1,1
2025,21337,4,0.01272915191466212,0.5127291519146622,1,1
2025,21380,4,0,0.5,1,1
2025,21414,3,0.04253096733813827,0.5425309673381382,1,1
2025,21414,4,0.07820434494257944,0.5782043449425794,1,1
2025,21464,5,0,0.5,1,1
2025,21560,3,0,0.5,1,1
2025,21563,5,0,0.5,1,1
2025,21644,4,0.04950207395818551,0.5495020739581855,1,1
2025,21684,3,0.01410658307210033,0.5141065830721003,1,1
2025,21705,2,0,0.5,1,1
2025,21709,5,0,0.5,1,1
2025,21710,3,0,0.5,1,1
2025,21710,4,0,0.5,1,1
2025,21840,4,0.1322463763586957,0.6105072463768115,0.9782608700181159,1
2025,21840,5,0.007246376358695683,0.4855072463768116,0.9782608700181159,1
2025,21842,4,0.1322463763586957,0.6105072463768115,0.9782608700181159,1
2025,21842,5,0.007246376358695683,0.4855072463768116,0.9782608700181159,1
2025,21853,6,0.001118568232662209,0.5011185682326622,1,1
2025,22145,3,0.0234375,0.5234375,1,1
2025,22145,4,0,0.5,1,1
2025,22175,3,0.06539621769092291,0.5653962176909229,1,1
2025,22179,3,0,0.5,1,1
2025,22186,3,0,0.5,1,1
2025,22196,3,0,0.5,1,1
2025,22237,3,0.5,1,1,1
2025,22257,5,0.09110502620078498,0.591105026200785,1,1
2025,22316,5,0,0.5,1,1
2025,22316,6,0.002256196333056182,0.5022561963330562,1,1
2025,22757,8,0.114215039218433,0.3301742764997779,0.5997569278085408,0.8837976905271959
2025,22760,5,0,0.1479316613800089,0.4345715141014913,0.7866398527214824
2025,22771,3,0.06455281900377363,0.5645528190037736,1,1
2025,22799,3,0,0.5,1,1
2025,22801,3,0,0.5,1,1
2025,22885,5,0,0.5,1,1
2025,22899,3,0.04999999999999999,0.55,1,1
2025,22906,4,0,0.5,1,1
2025,22907,4,0,0.5,1,1
2025,22907,5,0,0.5,1,1
2025,22994,4,0,0.5,1,1
2025,22994,6,0.04545454545454547,0.5454545454545454,1,1
2025,23013,3,0.06134272421759301,0.405701031814238,0.7674127733727327,0.9230544657760877
2025,23014,3,0.06166939136897803,0.3010965934702619,0.608918604164533,0.8694914020632492
2025,23015,3,0.1075343969834526,0.5059966107691832,0.8633362697339878,0.9648740559482571
2025,23016,3,0.09822376720508147,0.4441193488162415,0.7574179537141197,0.9115223721029597
2025,23092,7,0.02813449161095893,0.5277138223999465,0.9991661076484917,0.9995867768595041
2025,23094,6,0,0.5,1,1
2025,23229,5,0.002066825840852604,0.501835663892034,0.9996738964025077,0.9999050583513264
2025,23372,3,0,0.5,1,1
2025,23373,2,0,0.5,1,1
2025,23374,4,0.01686644794129033,0.5168664479412903,1,1
2025,23375,4,0.008517414984048344,0.5085174149840483,1,1
2025,23377,3,0,0.5,1,1
2025,23382,5,0,0.5,1,1
2025,23386,6,0.01314581587080937,0.5131458158708093,1,1
2025,23387,3,0,0.5,1,1
2025,23387,4,0.006897210752438598,0.5068972107524385,1,1
2025,23388,5,0,0.5,1,1
2025,23389,5,0,0.5,1,1
2025,23406,3,0.001601862463198933,0.5016018624631989,1,1
2025,23411,5,0,0.5,1,1
2025,23411,7,0,0.5,1,1
2025,23424,2,0.002276792971764141,0.5022767929717642,1,1
2025,23424,3,0.0345348574878932,0.5345348574878932,1,1
2025,23425,2,0.006660339564367401,0.5066603395643674,1,1
2025,23425,3,0.06023176813579595,0.560231768135796,1,1
2025,23426,2,0,0.5,1,1
2025,23426,3,0,0.5,1,1
2025,23427,2,0,0.5,1,1
2025,23427,3,0,0.5,1,1
2025,23428,2,0,0.5,1,1
2025,23428,3,0,0.5,1,1
2025,23431,2,0,0.5,1,1
2025,23431,3,0.07142857142857145,0.5714285714285714,1,1
2025,23542,2,0.02542660619595866,0.5254266061959587,1,1
2025,23578,4,0,0.5,1,1
2025,23648,3,0,0.5,1,1
2025,23648,4,0,0.5,1,1
2025,23743,3,0,0.5,1,1
2025,23755,3,0.004843807697836766,0.5048438076978368,1,1
2025,23758,4,0.003505908483057207,0.5035059084830572,1,1
2025,23759,4,0,0.5,1,1
2025,23760,3,0,0.5,1,1
2025,23764,4,0,0.5,1,1
2025,23766,3,0.06873113873584047,0.5687311387358405,1,1
2025,23768,4,0,0.5,1,1
2025,23769,3,0.01643323620091836,0.5164332362009183,1,1
2025,23925,5,0,0.5,1,1
2025,23927,2,0,0.5,1,1
2025,23929,2,0,0.5,1,1
2025,23930,2,0.06182626323977064,0.5543140082204306,0.9907538438441089,0.9982660988634489
2025,23933,2,0.1108195067498639,0.6108195067498638,1,1
2025,23943,2,0,0.5,1,1
2025,23960,3,0,0.5,1,1
2025,23960,4,0,0.5,1,1
2025,23963,4,0,0.5,1,1
2025,23964,4,0,0.5,1,1
2025,23966,2,0,0.5,1,1
2025,23966,3,0,0.5,1,1
2025,23992,3,0.01041666666666669,0.5104166666666667,1,1
2025,23998,3,0,0.5,1,1
2025,23999,3,0,0.5,1,1
2025,24085,3,0,0.5,1,1
2025,24089,4,0,0.5,1,1
2025,24093,3,0.02455668215141521,0.5245566821514152,0.999670341173461,0.9996703411734609
2025,24094,2,0,0.5,1,1
2025,24099,3,0,0.5,1,1
2025,24148,2,0.08013644274950177,0.5801364427495017,1,1
2025,24275,2,0.05016109992203333,0.5464721110887374,0.9955533067255082,0.9992422955588042
2025,24306,2,0.05869454056266676,0.5548655510578109,0.9950433441513572,0.998872333656213
2025,24338,2,0.006973701456482739,0.5069737014564828,1,1
2025,24362,2,0.001565953188397751,0.5015659531883978,1,1
2025,24372,2,0,0.5,1,1
2025,24378,2,0.004125759714724619,0.5038695583981505,0.9996592643689428,0.999915465685517
2025,24378,3,0.003954233128103668,0.5036980318115296,0.9996592643689428,0.999915465685517
2025,24380,3,0,0.5,1,1
2025,24381,2,0,0.5,1,1
2025,24397,2,0,0.5,1,1
2025,24401,2,0,0.5,1,1
2025,24401,3,0,0.5,1,1
2025,24411,2,0,0.5,1,1
2025,24458,2,0,0.5,1,1
2025,24525,6,0.05088733910544191,0.5508873391054419,1,1
2025,24538,3,0,0.5,1,1
2025,24539,3,0,0.5,1,1
2025,24558,3,0,0.5,1,1
2025,24559,3,0,0.5,1,1
2025,24560,3,0,0.5,1,1
2025,24561,3,0.02024120526006967,0.5202412052600697,1,1
2025,24562,3,0,0.5,1,1
2025,24563,3,0.02983225392110905,0.5298322539211091,1,1
2025,24568,4,0,0.5,1,1
2025,24574,6,0,0.5,1,1
2025,24624,2,0.2,0.7,1,1
2025,24648,3,0.2696164267828393,0.7696164267828393,1,1
2025,24689,2,0,0.5,1,1
2025,24733,3,0.1208446418212253,0.6208446418212253,1,1
2025,24733,4,0.112127875584283,0.6121278755842829,1,1
2025,24821,3,0,0.5,1,1
2025,24821,4,0,0.5,1,1
2025,24828,2,0.04753888582326504,0.547538885823265,1,1
2025,24837,2,0.1196504531718701,0.6196504531718701,1,1
2025,24837,3,0.006014089535506417,0.5060140895355064,1,1
2025,24846,2,0,0.5,1,1
2025,24895,4,0,0.5,1,1
2025,24996,3,0.01605478909637137,0.5160547890963714,1,1
2025,24999,3,0.02270081469480245,0.5227008146948025,1,1
2025,24999,4,6.266245171639984E-4,0.500626624517164,1,1
2025,25003,5,0,0.5,1,1
2025,25043,5,0,0.5,1,1
2025,25044,3,0,0.5,1,1
2025,25045,4,0,0.5,1,1
2025,25045,5,0,0.5,1,1
2025,25078,3,0,0.5,1,1
2025,25192,3,0.003939366341837225,0.5039393663418372,1,1
2025,25192,4,0,0.5,1,1
2025,25193,3,0,0.5,1,1
2025,25193,4,0,0.5,1,1
2025,25399,4,0,0.5,1,1
2025,25424,5,0.01013753030740516,0.5101375303074052,1,1
2025,25435,2,0,0.5,1,1
2025,25435,3,0,0.5,1,1
2025,25437,3,0,0.5,1,1
2025,25443,2,0,0.5,1,1
2025,25456,2,0,0.5,1,1
2025,25456,3,0.1242343113752007,0.6242343113752007,1,1
2025,25456,4,0.02051090711988152,0.5205109071198815,1,1
2025,25470,6,0.06527660768403465,0.5652766076840346,1,1
2025,25473,6,0,0.5,1,1
2025,25475,6,0,0.5,1,1
2025,25504,3,0,0.5,1,1
2025,25508,3,0.01693454606367556,0.5169345460636756,1,1
2025,25508,4,0.02099514265902153,0.5209951426590216,1,1
2025,25510,3,0,0.5,1,1
2025,25510,4,0,0.5,1,1
2025,25510,5,0,0.5,1,1
2025,25557,3,0.02315529316036802,0.523155293160368,1,1
2025,25559,3,0.04535518427052176,0.5453551842705218,1,1
2025,25562,3,0.0248407927700503,0.5243128518346742,0.9990710474445903,0.9995989883799663
2025,25572,2,0.03396251179325854,0.5339625117932585,1,1
2025,25572,3,0.05364050821544103,0.553640508215441,1,1
2025,25787,4,0,0.5,1,1
2025,25788,4,0,0.5,1,1
2025,25790,2,0,0.5,1,1
2025,25790,3,0.005952380952380931,0.5059523809523809,1,1
2025,25792,2,0.04999999999999999,0.55,1,1
2025,25792,3,0,0.5,1,1
2025,25794,2,0,0.5,1,1
2025,25805,4,0.005818413157781976,0.5033074227512606,0.9962861839236812,0.9987971743302027
2025,25956,3,0,0.5,1,1
2025,25958,3,0,0.5,1,1
2025,25968,3,0,0.5,1,1
2025,25987,5,0,0.5,1,1
2025,26117,3,0.1295529557747648,0.6271543540971594,0.9976013983223947,1
2025,26117,4,0.04455295577476476,0.5421543540971594,0.9976013983223947,1
2025,26119,6,0.1725009328259011,0.4800196510089141,0.6718885087477404,0.8643697905647273
2025,26120,6,0.1708496515361995,0.3211258065155543,0.2723833742411662,0.6221072192618113
2025,26121,6,0.1993443267811283,0.499206283401741,0.6437602314971544,0.8438982748765418
2025,26122,6,0.1665808085752348,0.4504913394295296,0.683314698282124,0.8994041674278292
2025,26123,6,0.05907297695382191,0.230448910529177,0.4040958804308392,0.7327199468554841
2025,26243,2,0.0352820757066708,0.5352820757066707,1,1
2025,26308,6,0.007220914597605987,0.507220914597606,1,1
2025,26323,1,0,0.5,1,1
2025,26461,3,0.001756964175423093,0.5017569641754231,1,1
2025,26461,4,0.06961410703256593,0.569614107032566,1,1
2025,26461,5,0.001756964175423093,0.5017569641754231,1,1
2025,26463,3,0,0.5,1,1
2025,26463,4,0.04943136573170898,0.5494313657317089,1,1
2025,26463,5,0,0.5,1,1
2025,26472,3,0,0.5,1,1
2025,26540,6,0.0971559117533371,0.3537379371767372,0.6183361969859648,0.8617541715625647
2025,26707,5,0.07455014709209828,0.5745501470920983,1,1
2025,26708,5,0.03109730715906206,0.5310973071590621,1,1
2025,26768,3,0.5,1,1,1
2025,26768,4,0,0.5,1,1
2025,26784,3,0,0.5,1,1
2025,26801,4,0,0.5,1,1
2025,26801,5,0,0.5,1,1
2025,26971,2,0.001292409935396921,0.5012924099353969,1,1
2025,26972,3,0.06295494023890041,0.5629549402389005,1,1
2025,26974,3,0,0.5,1,1
2025,27104,2,0,0.5,1,1
2025,27107,4,0.1071108944187562,0.6071108944187562,1,1
2025,27110,4,0.02173913043478259,0.5217391304347826,1,1
2025,27118,5,0,0.5,1,1
2025,27120,4,0,0.5,1,1
2025,27123,4,0.1492210077310495,0.6492210077310494,1,1
2025,27125,4,0,0.5,1,1
2025,27141,1,0,0.5,1,1
2025,27141,2,0,0.5,1,1
2025,27159,3,0,0.5,1,1
2025,27164,2,0.01244715985622269,0.5124471598562227,1,1
2025,27168,2,0,0.5,1,1
2025,27171,2,0,0.5,1,1
2025,27176,2,0.005351432997511008,0.5053514329975111,1,1
2025,27208,3,0.01594851204616626,0.5159485120461662,1,1
2025,27210,2,0.1107227071117532,0.6107227071117531,1,1
2025,27216,4,0,0.5,1,1
2025,27217,2,0,0.5,1,1
2025,27229,6,0.00491551545176061,0.5049155154517606,1,1
2025,27309,2,0,0.5,1,1
2025,27329,4,0,0.5,1,1
2025,27349,1,0,0.5,1,1
2025,27357,2,0,0.5,1,1
2025,27357,3,0,0.5,1,1
2025,27357,4,0,0.5,1,1
2025,27358,3,0,0.5,1,1
2025,27360,2,0,0.5,1,1
2025,27360,3,0,0.5,1,1
2025,27360,5,0,0.5,1,1
2025,27360,6,0,0.5,1,1
2025,27361,2,0,0.5,1,1
2025,27361,3,0,0.5,1,1
2025,27361,5,0,0.5,1,1
2025,27361,6,0,0.5,1,1
2025,27363,2,0,0.5,1,1
2025,27363,3,0,0.5,1,1
2025,27363,4,0,0.5,1,1
2025,27365,2,0,0.5,1,1
2025,27365,3,0,0.5,1,1
2025,27365,4,0,0.5,1,1
2025,27457,3,0,0.5,1,1
2025,27457,4,0.01432991451676469,0.5143299145167647,1,1
2025,27459,4,0,0.5,1,1
2025,27460,3,0,0.5,1,1
2025,27461,2,0,0.5,1,1
2025,27461,3,0.004854368932038833,0.5048543689320388,1,1
2025,27548,3,0.01099680920673402,0.2565580452505298,0.6074822663418566,0.8619210302980608
2025,27552,3,0,0.07925407230862841,0.3899595983383119,0.8107055260296835
2025,27557,3,0,0.5,1,1
2025,27563,3,0.008996098291208399,0.5076597576606493,0.9978057358706995,0.9991420765012586
2025,27563,4,0,0.4986636593694409,0.9978057358706995,0.9991420765012586
2025,27604,2,0,0.5,1,1
2025,27617,1,0.06455891328005742,0.5645589132800575,1,1
2025,27644,2,6.164907627352334E-4,0.4982917457208051,0.9968079395667445,0.9991326846086745
2025,27644,3,0.01737626729904807,0.5150515222571179,0.9968079395667445,0.9991326846086745
2025,27644,4,6.164907627352334E-4,0.4982917457208051,0.9968079395667445,0.9991326846086745
2025,27645,3,0.004838781817445292,0.5048387818174453,1,1
2025,27646,3,0.01038353848737333,0.5103835384873734,1,1
2025,27646,4,3.83538487373325E-4,0.5003835384873734,1,1
2025,27647,4,0,0.5,1,1
2025,27647,5,0,0.5,1,1
2025,27648,3,0.001321508158276141,0.5013215081582761,1,1
2025,27648,4,0.5,1,1,1
2025,27705,2,0,0.5,1,1
2025,27712,2,0,0.5,1,1
2025,27714,2,0.2564903272233846,0.7477269992361979,0.9862252750340277,0.9949886030212143
2025,27716,2,0,0.5,1,1
2025,27731,4,0.03846153846153844,0.5384615384615384,1,1
2025,27837,3,0.0689835360383122,0.2556006954116563,0.5284406043039972,0.8418234449306531
2025,27840,3,0.05498046810879487,0.2153108014273391,0.4319013086339133,0.7715709753153691
2025,27843,3,0.05650646412677723,0.2057555700935589,0.4465734623029082,0.7973243563361264
2025,27846,3,0.08077739356263441,0.2497114923175676,0.4220570034089,0.7531229046539667
2025,27849,3,0.05320621188513625,0.210647498390344,0.4503939227848584,0.7929526362796505
2025,27852,3,0.03266637994269228,0.2277542808190279,0.4858673993858491,0.7907794985095136
2025,27910,3,0,0.5,1,1
2025,27911,3,0,0.5,1,1
2025,27912,3,0,0.5,1,1
2025,27927,2,0.005245703838225646,0.4987624619772938,0.9901459564881917,0.9966291983491237
2025,27927,3,0.004010118994733081,0.4975268771338012,0.9901459564881917,0.9966291983491237
2025,27928,2,0.004786141385841214,0.4997177162364808,0.9923923628756285,0.9974607880249889
2025,27928,3,0.003937964965145702,0.4988695398157853,0.9923923628756285,0.9974607880249889
2025,27929,2,0.004430335599022284,0.4990957410210074,0.9916452670619246,0.9969798616399395
2025,27929,3,0.003527808523209997,0.4981932139451951,0.9916452670619246,0.9969798616399395
2025,27934,4,1.121214838183393E-4,0.496771888134961,0.9951072627493859,0.9984474960982432
2025,27939,5,0,0.5,1,1
2025,27940,5,0.01315277687278771,0.5131527768727877,1,1
2025,27943,4,0,0.5,1,1
2025,27948,4,0,0.5,1,1
2025,27955,3,0.003940916618409784,0.5009876252658478,0.9956914513663566,0.9986447427189187
2025,27955,4,0.003362881936328832,0.5004095905837669,0.9956914513663566,0.9986447427189187
2025,27955,5,0.02491460607425988,0.5219613147216979,0.9956914513663566,0.9986447427189187
2025,27959,5,0,0.5,1,1
2025,27964,2,0,0.5,1,1
2025,27965,2,0,0.5,1,1
2025,28005,4,0.04499990850296842,0.08640859134355294,0.2210143694921542,0.6796056866515696
2025,28007,6,0.06170155163526331,0.2205132078272378,0.3435507531225472,0.6847390969305727
2025,28018,2,0,0.5,1,1
2025,28031,3,0,0.5,1,1
2025,28032,4,0,0.5,1,1
2025,28062,3,0.00867840961695071,0.2970541078445576,0.7527033809348523,0.9643276827072456
2025,28062,4,0.008538744812481458,0.220238465386457,0.5834940985970783,0.8717943780231028
2025,28068,3,0.07730578804620397,0.3629575467331074,0.7138773364762305,0.9282255777893271
2025,28068,4,0.0715169891679488,0.3711881574982084,0.7123070857643355,0.9126359174340759
2025,28069,3,0.153616428514018,0.4379957677011743,0.6505622498133639,0.8661829106262076
2025,28069,4,0.07006401313445831,0.3564150907376514,0.6927081584561505,0.9063570808529574
2025,28070,3,0.1307220115910762,0.4623356656224255,0.7731920477895051,0.9415783937581559
2025,28070,4,0.1013328452445529,0.3609142288187374,0.6950450379290876,0.9354636543549032
2025,28098,3,0,0.4779102380750411,0.9608917223305445,0.9829814842555034
2025,28098,4,0.03686422700829717,0.3138604501882807,0.6545274704686623,0.8775312472886787
2025,28099,2,0,0.4837619469562683,0.9711435894918815,0.9873816425356132
2025,28099,3,0.07262499729467586,0.3803270938768794,0.7055575545791632,0.8978554579969598
2025,28100,4,0.05826971200252062,0.3648906438452101,0.6970506133836375,0.8904296815409481
2025,28101,4,0.08267395035136377,0.3222609233467493,0.5846901793019277,0.8451032063065422
2025,28103,3,0.1931218085239866,0.5052863915220193,0.7083515029261228,0.8961869199280902
2025,28104,3,0.09356649921066928,0.394461002923062,0.7050080534811605,0.9041135497687678
2025,28106,2,0.06962525163926403,0.5678825858951208,0.9971956801498808,0.9989383458940242
2025,28107,3,0.05587469759181463,0.554308055866981,0.9977179712258963,0.99928461295073
2025,28121,3,0,0.1219538795607066,0.4696101298048472,0.8476562502441406
2025,28126,3,0.007753231855504306,0.5077532318555043,1,1
2025,28126,4,0,0.5,1,1
2025,28146,2,0.04063326308084625,0.5392650289721881,0.9968991001135873,0.9982673342222456
2025,28146,3,0,0.4986317658913418,0.9968991001135873,0.9982673342222456
2025,28146,4,0,0.4986317658913418,0.9968991001135873,0.9982673342222456
2025,28302,4,0,0.5,1,1
2025,28392,2,0.0221906131954781,0.5221906131954781,1,1
2025,28392,3,0,0.5,1,1
2025,28393,2,0,0.5,1,1
2025,28393,3,0,0.5,1,1
2025,28394,2,0.05010487453761375,0.5501048745376138,1,1
2025,28394,3,0,0.5,1,1
2025,28395,2,0,0.5,1,1
2025,28395,3,0,0.5,1,1
2025,28396,3,0,0.5,1,1
2025,28401,2,0,0.5,1,1
2025,28401,3,0,0.5,1,1
2025,28403,3,0,0.5,1,1
2025,28404,2,0,0.5,1,1
2025,28404,3,0,0.5,1,1
2025,28405,3,0,0.5,1,1
2025,28407,2,0,0.5,1,1
2025,28407,3,0,0.5,1,1
2025,28408,2,0,0.5,1,1
2025,28408,3,0,0.5,1,1
2025,28438,2,0,0.5,1,1
2025,28500,2,0,0.5,1,1
2025,28500,4,0,0.5,1,1
2025,28501,2,0,0.4915897034689447,0.9902132405062355,0.9986235370372908
2025,28501,4,0.06931497347167781,0.5609046769406225,0.9902132405062355,0.9986235370372908
2025,28502,2,0,0.4913027379705097,0.9898793090799389,0.9985765711094292
2025,28502,3,0,0.4913027379705097,0.9898793090799389,0.9985765711094292
2025,28502,4,0.08872337543660769,0.5800261134071174,0.9898793090799389,0.9985765711094292
2025,28504,3,0,0.5,1,1
2025,28510,2,0.06541770492113325,0.5654177049211333,1,1
2025,28511,2,0.1014150648307092,0.6014150648307093,1,1
2025,28516,2,0.05705099206839265,0.5570509920683926,1,1
2025,28521,3,0,0.5,1,1
2025,28522,1,0,0.5,1,1
2025,28522,2,0,0.5,1,1
2025,28523,3,0,0.5,1,1
2025,28524,3,0,0.5,1,1
2025,28528,3,0,0.5,1,1
2025,28535,1,0,0.5,1,1
2025,28535,2,0.01745929285859366,0.5174592928585937,1,1
2025,28536,2,0,0.5,1,1
2025,28542,3,0,0.5,1,1
2025,28546,3,0,0.5,1,1
2025,28547,2,0,0.5,1,1
2025,28557,3,0,0.5,1,1
2025,28619,3,0,0.5,1,1
2025,28624,2,0,0.5,1,1
2025,28630,2,0,0.5,1,1
2025,28644,3,0,0.5,1,1
2025,28650,2,0,0.5,1,1
2025,28650,3,0,0.5,1,1
2025,28715,2,0,0.5,1,1
2025,28738,3,0,0.5,1,1
2025,28779,3,0,0.5,1,1
2025,28837,2,0,0.5,1,1
2025,28843,1,0,0.5,1,1
2025,28843,2,0,0.5,1,1
2025,28844,1,0,0.5,1,1
2025,28844,2,0,0.5,1,1
2025,28845,2,0,0.5,1,1
2025,28845,3,0,0.5,1,1
2025,28848,1,0,0.5,1,1
2025,28848,2,0,0.5,1,1
2025,28896,2,0,0.5,1,1
2025,28920,2,0,0.5,1,1
2025,28931,2,0,0.5,1,1
2025,28946,2,0.0168385970702285,0.5139864893189598,0.9957218349125927,0.9985739426638613
2025,28946,3,0,0.4971478922487313,0.9957218349125927,0.9985739426638613
2025,28971,2,0.05611199412960899,0.5546128217717294,0.9985008276421203,1
2025,28974,2,0.125,0.625,1,1
2025,28978,2,0,0.5,1,1
2025,29024,2,0,0.5,1,1
2025,29024,3,0,0.5,1,1
2025,29025,2,0,0.5,1,1
2025,29026,2,0.08333333333333331,0.5833333333333333,1,1
2025,29026,3,0,0.5,1,1
2025,29027,2,0.04545454545454547,0.5454545454545454,1,1
2025,29027,3,0,0.5,1,1
2025,29055,3,0.05166177645175013,0.5516617764517502,1,1
2025,29057,3,0,0.5,1,1
2025,29061,1,0.04067840208634738,0.5406784020863473,1,1
2025,29069,1,0.1007194441090084,0.6007194441090085,1,1
2025,29069,2,0.00981035319991752,0.5098103531999175,1,1
2025,29071,1,0.01772168670707874,0.5177216867070787,1,1
2025,29077,1,0,0.5,1,1
2025,29078,1,0.03447580645161291,0.5344758064516129,1,1
2025,29079,1,0,0.5,1,1
2025,29080,1,0,0.5,1,1
2025,29080,2,0,0.5,1,1
2025,29081,1,0.01147377655954585,0.5114737765595458,1,1
2025,29081,2,0,0.5,1,1
2025,29082,1,0.0161290322580645,0.5161290322580645,1,1
2025,29082,2,0,0.5,1,1
2025,29172,3,0,0.5,1,1
2025,29173,2,0,0.5,1,1
2025,29174,3,0,0.5,1,1
2025,29175,3,0,0.5,1,1
2025,29290,3,0,0.5,1,1
2025,29291,3,0,0.5,1,1
2025,29293,3,0,0.5,1,1
2025,29294,3,0,0.5,1,1
2025,29297,1,0,0.5,1,1
2025,29297,2,0.002233183422035989,0.5022331834220359,1,1
2025,29315,2,0,0.5,1,1
2025,29317,3,0.04080904132874585,0.5408090413287459,1,1
2025,29320,3,0,0.5,1,1
2025,29321,3,1.197684651754183E-4,0.4939723567405593,0.9900354187778208,0.9961828305024368
2025,29321,4,1.197684651754183E-4,0.4939723567405593,0.9900354187778208,0.9961828305024368
2025,29322,3,0,0.5,1,1
2025,29323,3,0,0.5,1,1
2025,29324,3,0,0.5,1,1
2025,29327,1,0,0.5,1,1
2025,29335,2,0.02678415265648348,0.5267841526564835,1,1
2025,29335,3,0,0.5,1,1
2025,29336,2,0,0.5,1,1
2025,29336,3,0,0.5,1,1
2025,29337,2,0,0.5,1,1
2025,29338,2,0,0.5,1,1
2025,29338,3,0.0481734144159211,0.5481734144159212,1,1
2025,29338,4,0,0.5,1,1
2025,29382,2,0,0.5,1,1
2025,29395,1,0,0.5,1,1
2025,29414,2,0,0.5,1,1
2025,29454,1,0,0.5,1,1
2025,29465,1,0.01194055757504742,0.5119405575750474,1,1
2025,29465,2,0,0.5,1,1
2025,29466,1,0.009047367629938408,0.5090473676299384,1,1
2025,29466,2,0,0.5,1,1
2025,29467,1,0,0.5,1,1
2025,29467,2,0,0.5,1,1
2025,29468,2,0,0.5,1,1
2025,29468,3,0,0.5,1,1
2025,29470,2,0.0171758894642135,0.5149964778895499,0.9973134713063172,0.9994928828809807
2025,29470,3,0.001469083181490971,0.4992896716068275,0.9973134713063172,0.9994928828809807
2025,29471,1,0,0.5,1,1
2025,29471,2,0,0.5,1,1
2025,29472,1,0,0.5,1,1
2025,29472,2,0,0.5,1,1
2025,29473,2,0,0.5,1,1
2025,29474,1,0.01623043000350427,0.5162304300035043,1,1
2025,29474,2,7.024796929452903E-4,0.5007024796929453,1,1
2025,29476,2,0,0.5,1,1
2025,29476,3,0,0.5,1,1
2025,29477,2,0,0.5,1,1
2025,29477,3,0,0.5,1,1
2025,29479,1,0,0.5,1,1
2025,29479,3,0,0.5,1,1
2025,29480,2,0,0.5,1,1
2025,29481,1,0,0.5,1,1
2025,29482,1,0,0.5,1,1
2025,29483,1,0,0.5,1,1
2025,29484,2,0,0.5,1,1
2025,29487,2,0,0.5,1,1
2025,29488,2,0,0.5,1,1
2025,29489,2,0,0.5,1,1
2025,29490,2,0,0.5,1,1
2025,29538,2,0,0.5,1,1
2025,29551,1,0,0.5,1,1
2025,29555,4,0.04812030075187967,0.5481203007518797,1,1
2025,29557,1,0.02173151182160649,0.5217315118216065,1,1
2025,29557,2,0,0.5,1,1
2025,29559,4,0,0.5,1,1
2025,29561,1,0,0.5,1,1
2025,29573,3,0,0.5,1,1
2025,29576,1,0,0.5,1,1
2025,29576,2,0.001757741863739781,0.5017577418637398,1,1
2025,29578,1,4.328281867216344E-5,0.5000432828186722,1,1
2025,29578,2,0.002198455232465257,0.5021984552324652,1,1
2025,29582,3,0,0.5,1,1
2025,29584,4,0,0.5,1,1
2025,29586,4,0,0.5,1,1
2025,29590,1,0.007575757575757569,0.5075757575757576,1,1
2025,29597,1,0.02173913043478259,0.5217391304347826,1,1
2025,29600,1,0,0.5,1,1
2025,29652,1,0.01252921654438649,0.5125292165443864,1,1
2025,29677,1,0,0.5,1,1
2025,29677,2,0.05117752965631461,0.5511775296563146,1,1
2025,29677,3,0,0.5,1,1
2025,29678,1,0.05133968481845247,0.5513396848184524,1,1
2025,29678,2,0.07504201532692706,0.5750420153269271,1,1
2025,29678,3,0.03346200076937272,0.5334620007693727,1,1
2025,29679,1,0.005836701806093469,0.5058367018060934,1,1
2025,29679,2,0.1563154979757241,0.6563154979757242,1,1
2025,29679,3,0.04321987937618693,0.5432198793761869,1,1
2025,29680,1,0,0.5,1,1
2025,29680,2,0.04549696859010233,0.5454969685901023,1,1
2025,29680,3,0.0215346303371774,0.5215346303371774,1,1
2025,29681,1,0.003498899136836098,0.5034988991368361,1,1
2025,29681,2,0.1098038844740795,0.6098038844740795,1,1
2025,29681,3,0.03766038982006592,0.5376603898200659,1,1
2025,29682,1,0,0.5,1,1
2025,29682,2,0.08053438073491415,0.5805343807349141,1,1
2025,29682,3,0.02014424042129259,0.5201442404212926,1,1
2025,29683,1,0,0.5,1,1
2025,29683,2,0.06514099035860421,0.5651409903586042,1,1
2025,29683,3,0.03002553572604694,0.5300255357260469,1,1
2025,29684,1,0.08445013918777594,0.5844501391877759,1,1
2025,29684,2,0.122161109651911,0.622161109651911,1,1
2025,29684,3,0.06440794509494896,0.564407945094949,1,1
2025,29704,3,0,0.1368290423735754,0.4971375818951149,0.8603085395215395
2025,29705,3,0,0.2316805048245997,0.6665252030197447,0.934844698195145
2025,29706,3,0,0.2430455152325567,0.660979107608507,0.9179335923759502
2025,29707,3,0,0.2816396474806276,0.6949126598264141,0.9132730123457865
2025,29708,3,0,0,0,0.5
2025,29709,2,0,0.5,1,1
2025,29709,3,0,0.5,1,1
2025,29763,2,0,0.5,1,1
2025,29764,2,0,0.5,1,1
2025,29785,2,0.1386575505871374,0.6386575505871375,1,1
2025,29786,2,0.1160875737923409,0.6160875737923408,1,1
2025,29787,2,0.2276070934182298,0.7276070934182298,1,1
2025,29788,2,0.1215732759707904,0.6215732759707904,1,1
2025,29789,2,0.09392847670481136,0.5939284767048114,1,1
2025,29790,2,0.1275410520928205,0.6275410520928205,1,1
2025,29791,2,0.08480855766245965,0.5848085576624596,1,1
2025,29792,2,0.233526739504507,0.7335267395045071,1,1
2025,29793,2,0.06085326744627312,0.5608532674462732,1,1
2025,29794,2,0.01801272919747032,0.5180127291974703,1,1
2025,29795,2,0,0.5,1,1
2025,29796,2,0.05176745368703811,0.5517674536870381,1,1
2025,29797,2,0,0.5,1,1
2025,29798,2,0,0.5,1,1
2025,29823,2,0,0.5,1,1
2025,29827,2,0,0.5,1,1
2025,29829,2,0.02593018405110559,0.5259301840511056,1,1
2025,29836,2,0,0.5,1,1
2025,29838,3,0.05388353603619267,0.5538835360361927,1,1
2025,29841,2,0.1346153846153846,0.6346153846153846,1,1
2025,29843,2,0,0.5,1,1
2025,29845,2,0,0.5,1,1
2025,29847,2,0,0.5,1,1
2025,29848,2,0,0.4874130153315711,0.9811473158080144,0.9937343004764434
2025,29849,2,0,0.5,1,1
2025,29850,2,0,0.5,1,1
2025,29851,2,0,0.5,1,1
2025,29863,1,0.00778516811194957,0.5077851681119496,1,1
2025,29863,3,0.08494566193911002,0.58494566193911,1,1
2025,29864,2,0.008179604769641413,0.5072860158781556,0.9982222575146031,0.999115846406089
2025,29865,2,0.0482860829067992,0.5482860829067993,1,1
2025,29866,2,0.05614787477665773,0.5561478747766577,1,1
2025,29867,1,0.02293848970125906,0.522938489701259,1,1
2025,29867,2,0.1259023674413023,0.6259023674413022,1,1
2025,29867,3,0.08260283332236562,0.5826028333223656,1,1
2025,29868,2,0.04982928091182143,0.5498292809118215,0.9980973547459916,0.9980973547459916
2025,29869,2,0.02849327157404169,0.5284932715740417,1,1
2025,29870,1,0.009185157359475171,0.5091851573594752,1,1
2025,29870,3,0,0.5,1,1
2025,29871,2,0.0439335999103479,0.5439335999103478,1,1
2025,29928,2,0,0.5,1,1
2025,30044,2,0,0.5,1,1
2025,30046,1,0,0.5,1,1
2025,30046,2,0,0.5,1,1
2025,30047,2,0,0.5,1,1
2025,30052,1,0,0.5,1,1
2025,30072,2,0,0.5,1,1
2025,30122,2,0,0.5,1,1
2025,30123,2,0,0.4826888302826041,0.974316135040749,0.9916273047581449
2025,30124,2,0,0.4900457480574204,0.9846588600427749,0.9946131119853545
2025,30125,2,0.002159890351555283,0.5021598903515553,1,1
2025,30182,2,0,0.5,1,1
2025,30244,3,0,0.2928993697984034,0.7021593727300068,0.9092600029316035
2025,30245,2,0.121888382450133,0.505861864768878,0.813877764560837,0.9299042822420921
2025,30246,2,0,0.1294383957607659,0.6237988743324605,0.9943604785716946
2025,30250,2,0,0.5,1,1
2025,30263,2,0,0.5,1,1
2025,30264,1,0,0.5,1,1
2025,30264,2,0,0.5,1,1
2025,30265,1,0.01233306996876121,0.5123330699687612,1,1
2025,30265,2,0.001592883214769469,0.5015928832147695,1,1
2025,30266,1,0,0.5,1,1
2025,30266,2,8.085905394338289E-4,0.5008085905394338,1,1
2025,30280,1,0,0.5,1,1
2025,30434,1,0.002504150863875398,0.5025041508638755,1,1
2025,30435,1,0.001041894207244209,0.5002388948640601,0.998962734343119,0.9997657336863032
2025,30436,1,0,0.5,1,1
2025,30437,1,0,0.5,1,1
2025,30438,1,0.0173455971438124,0.5173455971438123,1,1
2025,30441,2,1.121214838183393E-4,0.496771888134961,0.9951072627493859,0.9984474960982432
2025,30446,1,0,0.5,1,1
2025,30447,2,0.008941197253983069,0.508941197253983,1,1
2025,30447,3,0.07055815172808039,0.5705581517280804,1,1
2025,30448,1,0,0.5,1,1
2025,30477,1,0.01907995077201896,0.519079950772019,1,1
2025,30479,1,0,0.5,1,1
2025,30480,1,0.03656468829852172,0.5365646882985218,1,1
2025,30507,1,0.09569211871138122,0.5956921187113813,1,1
2025,30507,2,0.1623587853780479,0.6623587853780479,1,1
2025,30507,3,0.1867773900292107,0.6867773900292107,1,1
2025,30508,1,0.01429506791920204,0.514295067919202,1,1
2025,30508,2,0.433213986838121,0.933213986838121,1,1
2025,30508,3,0.1809617345858687,0.6809617345858687,1,1
2025,30509,1,0.1483808535698643,0.6483808535698643,1,1
2025,30509,2,0.3437590048303685,0.8437590048303685,1,1
2025,30509,3,0.1540199513142252,0.6540199513142252,1,1
2025,30510,1,0.01643968927826928,0.5164396892782692,1,1
2025,30510,2,0.4807254035639836,0.9807254035639836,1,1
2025,30510,3,0.1807254035639836,0.6807254035639836,1,1
2025,30511,1,0.1181855516581138,0.6181855516581138,1,1
2025,30511,2,0.1488459290166044,0.6488459290166044,1,1
2025,30511,3,0.07863477040811384,0.5786347704081138,1,1
2025,30515,1,0,0.5,1,1
2025,30516,1,0,0.5,1,1
2025,30517,1,0.03288250410674054,0.5328825041067405,1,1
2025,30517,2,0.01779734595588894,0.5177973459558889,1,1
2025,30518,1,0.02360056970396207,0.5236005697039621,1,1
2025,30519,1,0.01758452992457904,0.5162812922882781,0.9983048491175447,0.9996080867538456
2025,30532,1,0,0.5,1,1
2025,30532,2,0,0.5,1,1
2025,30533,1,0,0.5,1,1
2025,30533,2,0,0.5,1,1
2025,30540,2,0.02757435073582421,0.5275743507358241,1,1
2025,30541,3,0.0232980739782121,0.5207442609077972,0.9958297358861122,0.998383548956527
2025,30556,1,0.00800573232093088,0.5080057323209308,0.9999913501776664,0.9999913501776664
2025,30558,1,0.004889857025547173,0.5048898570255471,1,1
2025,30559,1,0,0.5,1,1
2025,30560,1,0.08334314758604033,0.5833431475860403,1,1
2025,30561,1,0.02203436518463631,0.5220343651846363,1,1
2025,30562,1,0,0.5,1,1
2025,30563,1,0,0.5,1,1
2025,30564,1,0.1812210589595205,0.6812210589595205,1,1
2025,30565,1,0,0.5,1,1
2025,30566,1,0,0.5,1,1
2025,30567,1,0.02687133199681091,0.5260894295377156,0.9992180975409047,1
2025,30568,1,0.04469398696150145,0.5446939869615015,1,1
2025,30569,1,0,0.5,1,1
2025,30570,1,0.001288659793814428,0.5012886597938144,1,1
2025,30571,1,0,0.5,1,1
2025,30573,1,0,0.5,1,1
2025,30574,1,0,0.5,1,1
2025,30596,1,0,0.5,1,1
2025,30596,2,0,0.5,1,1
2025,30613,2,0,0.5,1,1
2025,30616,1,0,0.5,1,1
2025,30616,2,0,0.5,1,1
2025,30617,2,0,0.5,1,1
2025,30619,2,0,0.5,1,1
2025,30620,2,0,0.5,1,1
2025,30621,2,0,0.5,1,1
2025,30622,2,0.07142857142857145,0.5610119047619048,0.9895833333333333,1
2025,30636,1,0.01318050504514229,0.5131805050451423,1,1
2025,30636,2,0.07433057517136948,0.5743305751713694,1,1
2025,30641,2,0,0.5,1,1
2025,30642,2,0,0.5,1,1
2025,30643,2,0,0.5,1,1
2025,30644,2,0,0.5,1,1
2025,30645,1,0,0.5,1,1
2025,30645,2,0,0.5,1,1
2025,30651,2,0,0.5,1,1
2025,30665,1,0,0.5,1,1
2025,30798,2,0,0.5,1,1
2025,30818,2,0.01612504753415339,0.5161250475341534,1,1
2025,30843,2,0,0.5,1,1
2025,30906,1,0.03778712053284761,0.5377871205328476,1,1
2025,30906,2,0.05624848738047161,0.5562484873804716,1,1
2025,30906,3,0.003873555106677196,0.5038735551066772,1,1
2025,30911,1,0.04189266947330456,0.5418926694733046,1,1
2025,30911,2,0.02992204457978481,0.5299220445797848,1,1
2025,30911,3,0.006245222721678156,0.5062452227216782,1,1
2025,30916,2,0.04702603982636516,0.5470260398263651,1,1
2025,30932,1,0.08116034064793903,0.5811603406479391,0.9998909281540147,0.9998909281540146
2025,30933,1,0.0972222087517246,0.5972222087517246,1,1
2025,30933,2,0.07924835254257429,0.5792483525425742,1,1
2025,30935,1,0.1289691842053405,0.6289691842053405,1,1
2025,30935,2,0.1500415584330546,0.6500415584330546,1,1
2025,30936,1,0.1440786741945818,0.6440786741945819,0.9986004460478942,0.9986004460478942
2025,30982,1,0.006534498725975335,0.09874808442786731,0.4024669191792885,0.8102533334773965
2025,30982,2,0.05294800083567997,0.1873556793645761,0.438331898082242,0.8039242195533458
2025,30986,2,0.1064359057054586,0.6064359057054586,1,1
2025,30987,1,3.981064895022257E-4,0.5003981064895022,1,1
2025,30987,2,0.05302968543687064,0.5530296854368706,1,1
2025,30989,2,0,0.5,1,1
2025,30990,1,0.02741784781411238,0.0843898109512426,0.2134401248265666,0.6564681616894363
2025,30990,2,0.05463995546517447,0.2084875630650805,0.4129142432014893,0.7590666356015832
2025,30996,2,0.1648620031484582,0.6648620031484582,1,1
2025,30997,1,0.05862090715641338,0.3837076402756006,0.7164223132558718,0.8913355801366846
2025,30997,2,0.0615169241828652,0.3655410242828976,0.6781229314782292,0.8740988313781968
2025,30997,3,0.06120992119580909,0.3438848676284004,0.6547575149498521,0.8720825685172607
2025,31003,1,0.08093273802755901,0.5809327380275591,1,1
2025,31003,2,0.1179346355607659,0.6179346355607659,1,1
2025,31004,1,0.02672897567414678,0.4447027878648631,0.8774999180115182,0.9595261058208019
2025,31004,2,0.03995267661506397,0.3282113069798923,0.660177717452054,0.8719190870872257
2025,31008,1,0.08957001485963656,0.5895700148596366,1,1
2025,31008,2,0.09902672976189603,0.5990267297618961,1,1
2025,31015,2,0,0.5,1,1
2025,31016,1,0,0.1809329026162676,0.5421122221446294,0.8611793195283618
2025,31016,2,0.04913767660667628,0.5491376766066762,1,1
2025,31021,1,0.05420583727841505,0.5542058372784151,1,1
2025,31021,2,0,0.5,1,1
2025,31027,1,0.06708784022783604,0.3615413533410343,0.721094540337308,0.9266410272241097
2025,31027,2,0.09876204837263242,0.4120692568101143,0.7253680446108122,0.9120608361733303
2025,31033,2,0.1977417535744941,0.6977417535744941,1,1
2025,31044,1,0.1386433007576403,0.6386433007576403,1,1
2025,31044,2,0.002279664394003955,0.502279664394004,1,1
2025,31070,2,0.1377171648032558,0.6377171648032558,1,1
2025,31070,3,0.05846482835465766,0.5584648283546576,1,1
2025,31070,4,0.07911251364046507,0.5791125136404651,1,1
2025,31071,2,0.02545085537444314,0.5254508553744431,1,1
2025,31071,3,0.09503676684517137,0.5950367668451714,1,1
2025,31071,4,0.01484479476838252,0.5148447947683825,1,1
2025,31074,1,0,0.5,1,1
2025,31074,2,0,0.5,1,1
2025,31076,1,0,0.5,1,1
2025,31076,2,0,0.5,1,1
2025,31077,1,0,0.5,1,1
2025,31077,2,0,0.5,1,1
2025,31079,1,0,0.5,1,1
2025,31079,2,0,0.5,1,1
2025,31080,1,0.07142857142857145,0.5714285714285714,1,1
2025,31080,2,0,0.5,1,1
2025,31081,1,0.08333333333333331,0.5833333333333333,1,1
2025,31081,2,0,0.5,1,1
2025,31138,1,0,0.5,1,1
2025,31138,2,0,0.5,1,1
2025,31139,1,0,0.5,1,1
2025,31139,2,0,0.5,1,1
2025,31140,1,0.002177818345737215,0.5021778183457373,1,1
2025,31140,2,0.04063935680727565,0.5406393568072756,1,1
2025,31161,3,0.2877999141941852,0.7877999141941852,1,1
2025,31184,3,0,0.5,1,1
2025,31186,3,0,0.5,1,1
2025,31245,2,0,0.5,1,1
2025,31284,2,0,0.3571428571428572,0.7142857142857143,0.8571428571428572
2025,31288,1,0,0.4984084245193212,0.9979725222948407,0.9995640977755194
2025,31288,2,0.03934898885265664,0.5377574133719778,0.9979725222948407,0.9995640977755194
2025,31292,1,0,0.5,1,1
2025,31384,1,0.1239977786019425,0.6239977786019425,1,1
2025,31385,1,0,0.5,1,1
2025,31386,1,0.1155672779565536,0.6155672779565536,1,1
2025,31387,1,0.01909590521716797,0.519095905217168,0.9987555533542939,0.9987555533542939
2025,31388,1,0.05368573848456393,0.5536857384845639,1,1
2025,31438,1,0,0.5,1,1
2025,31439,1,0,0.5,1,1
2025,31446,2,0,0.5,1,1
2025,31457,2,0,0.5,1,1
2025,31500,2,0.01806967104903273,0.5123666072463768,0.9934596178280614,0.9991626816307173
2025,31501,2,0,0.5,1,1
2025,31501,3,0.01250997522413583,0.5125099752241358,1,1
2025,31502,2,0,0.5,1,1
2025,31502,3,0,0.5,1,1
2025,31503,2,0,0.5,1,1
2025,31504,2,0.02873749714585644,0.523624969151743,0.9948874720058866,1
2025,31508,1,0.0520221251708673,0.5520221251708672,1,1
2025,31508,2,0.004915110321916938,0.5049151103219169,1,1
2025,31533,2,0,0.5,1,1
2025,31534,1,0,0.5,1,1
2025,31534,2,0,0.5,1,1
2025,31535,1,0.006291557255657221,0.5062915572556572,1,1
2025,31535,2,0.5,1,1,1
2025,31536,2,0.5,1,1,1
2025,31537,2,0.1987894012602148,0.6987894012602147,1,1
2025,31538,1,0.2897795304958274,0.7897795304958274,1,1
2025,31538,2,0.1121733528896498,0.6121733528896498,1,1
2025,31542,2,0,0.5,1,1
2025,31604,1,0,0.5,1,1
2025,31614,3,0.02469724845267801,0.524697248452678,1,1
2025,31615,3,0,0.5,1,1
2025,31616,3,0,0.5,1,1
2025,31617,3,0,0.5,1,1
2025,31622,3,0,0.5,1,1
2025,31623,3,0,0.5,1,1
2025,31624,3,0,0.5,1,1
2025,31625,3,0,0.5,1,1
2025,31630,2,0,0.4891510144648975,0.9891510144648974,1
2025,31630,3,0.1191860465116279,0.6083370609765253,0.9891510144648974,1
2025,31631,2,0,0.5,1,1
2025,31632,2,0,0.5,1,1
2025,31632,3,0,0.5,1,1
2025,31633,3,0,0.5,1,1
2025,31638,3,0,0.5,1,1
2025,31639,3,0,0.5,1,1
2025,31640,3,0,0.5,1,1
2025,31641,2,0,0.5,1,1
2025,31665,2,0,0.5,1,1
2025,31675,1,0.0358220518359737,0.5358220518359738,1,1
2025,31677,1,0.06851172898762226,0.5685117289876223,1,1
2025,31678,1,0.08730654677191257,0.5873065467719125,1,1
2025,31679,1,0.0104472674977964,0.5104472674977965,1,1
2025,31832,1,0,0.5,1,1
2025,31833,1,0,0.5,1,1
2025,31942,1,0,0.5,1,1
2025,31946,1,0.01720234368330426,0.5118571763504345,0.9940065404986711,0.9993517078315408
2025,31953,1,0,0.5,1,1
2025,31955,1,0,0.5,1,1
2025,31958,2,0.005466864092234458,0.5054668640922344,1,1
2025,31958,3,0.005466864092234458,0.5054668640922344,1,1
2025,31958,4,0.005466864092234458,0.5054668640922344,1,1
2025,31959,3,0,0.5,1,1
2025,31960,2,0,0.5,1,1
2025,31960,3,0,0.5,1,1
2025,31961,2,0,0.5,1,1
2025,31962,2,0,0.5,1,1
2025,31982,1,0,0.5,1,1
2025,32003,1,0.01468988115472597,0.514689881154726,1,1
2025,32003,2,0.2601444266092715,0.7601444266092714,1,1
2025,32004,1,0,0.5,1,1
2025,32005,2,0,0.5,1,1
2025,32009,1,0,0.5,1,1
2025,32011,1,0,0.5,1,1
2025,32052,1,0.06643688930087494,0.5664368893008749,1,1
2025,32054,1,0.07005371394779308,0.570053713947793,1,1
2025,32056,1,0.07040618278517752,0.5704061827851775,1,1
2025,32089,1,0,0.5,1,1
2025,32092,1,0,0.5,1,1
2025,32158,1,0,0.5,1,1
2025,32181,1,0.04498800705473993,0.2725906188259161,0.5515053820444091,0.823902770273233
2025,32181,2,0.01330213683036152,0.4280636327737632,0.903612719824882,0.9888512238814804
2025,32182,1,0.0364893244979449,0.3013908618623906,0.666474145093509,0.9015726077290632
2025,32182,2,0,0.4502162226791311,0.9479426765620405,0.9977264538829094
2025,32183,2,0,0.5,1,1
2025,32184,1,0.07215676946074473,0.3410976976673495,0.7689409282066049,1
2025,32184,2,0.00965676946074473,0.2508199198895718,0.5940777513538532,0.8529146009250261
2025,32185,1,0.02350187818519983,0.2772675023443467,0.6394310626029843,0.8856654384438375
2025,32185,2,0,0.4108764864211849,0.9018050827597592,0.9909285963385743
2025,32202,2,0,0.5,1,1
2025,32256,1,0,0.5,1,1
2025,32257,1,0,0.5,1,1
2025,32258,1,0,0.5,1,1
2025,32259,1,0,0.5,1,1
2025,32304,1,0.1110585270379872,0.334589062324164,0.5219113188699384,0.7983807835837615
2025,32305,1,0.154363913296344,0.2908034051896496,0.3539022035572315,0.7174627116639258
2025,32340,2,0.04999999999999999,0.55,1,1
2025,32343,1,0.01724137931034481,0.5172413793103448,1,1
2025,32360,1,0.01531319768784356,0.1779370620501805,0.4490945687312546,0.7864707043689178
2025,32366,1,0.1260741167613456,0.322090814704528,0.5141195352967566,0.8181028373535741
2025,32367,1,0.04139615007551284,0.2543134927430996,0.5769524591824023,0.8640351165148157
2025,32368,1,0.1194799933810716,0.3344694286916977,0.525154333072358,0.810164897761732
2025,32369,1,0.06058314048714358,0.1677687623952353,0.3406993825042093,0.7335137605961176
2025,32370,1,0.05597436510460785,0.165476652131041,0.4350238650136734,0.8255215779872402
2025,32371,1,0.09288819591772401,0.266706638627582,0.4921952251222018,0.8183767824123438
2025,32372,1,0.1420581577925019,0.3719837670792993,0.6038018337119704,0.873876224425173
2025,32373,1,0.04969925711076662,0.2975233579409387,0.5757913510132184,0.8279672501830464
2025,32374,1,0.06089891716084905,0.2647640986270706,0.5051121110559226,0.801246929589701
2025,32375,1,0.05595548777089265,0.2008425540049435,0.3805459667675761,0.7356589005335252
2025,32378,1,0,0.1259500578149017,0.4786187468528364,0.8526686890379347
2025,32379,1,0,0,0.5,1
2025,32380,1,0.04279989397248135,0.1822244212053804,0.3818031682569241,0.7423786410240252
2025,32386,1,0,0.5,1,1
2025,32387,1,0,0.5,1,1
2025,32418,1,8.60512802819402E-4,0.5008605128028194,1,1
2025,32418,2,0.01165187970929421,0.5116518797092942,1,1
2025,32442,1,0,0.5,1,1
2025,32442,2,0,0.5,1,1
2025,32443,1,0.003143045370989694,0.5031430453709897,1,1
2025,32446,2,0,0.5,1,1
2025,32452,1,0,0.5,1,1
2025,32452,2,0,0.5,1,1
2025,32458,2,0,0.5,1,1
2025,32461,1,0,0.5,1,1
2025,32461,2,0,0.5,1,1
2025,32462,1,6.075467098672904E-4,0.5006075467098673,1,1
2025,32462,2,0.0186798358664938,0.5186798358664938,1,1
2025,32468,1,0,0.5,1,1
2025,32468,2,0,0.5,1,1
2025,32472,1,0,0.5,1,1
2025,32472,2,0,0.5,1,1
2025,32478,1,0,0.5,1,1
2025,32483,1,0,0.5,1,1
2025,32483,2,0,0.5,1,1
2025,32490,1,0,0.5,1,1
2025,32490,2,0,0.5,1,1
2025,32492,1,0,0.5,1,1
2025,32499,1,0,0.5,1,1
2025,32499,2,0,0.5,1,1
2025,32500,1,0,0.5,1,1
2025,32500,2,0,0.5,1,1
2025,32503,1,0,0.5,1,1
2025,32605,1,0,0.5,1,1
2025,32606,1,0,0.5,1,1
2025,32609,1,0,0.5,1,1
2025,32610,1,0,0.5,1,1
2025,32611,1,0,0.5,1,1
2025,32612,1,0,0.5,1,1
2025,32613,1,0,0.5,1,1
2025,32614,1,0,0.5,1,1
2025,32619,1,0,0.5,1,1
2025,32767,2,0,0.5,1,1
2025,32801,1,0,0.5,1,1
2025,32802,1,0,0.5,1,1
2025,32803,1,0,0.5,1,1
2025,32804,1,0,0.5,1,1
2025,32805,1,0,0.5,1,1
2025,32836,1,0.09210579553267867,0.5921057955326787,1,1
2025,32841,1,0.08290294977959461,0.5829029497795946,1,1
2025,32844,1,0.06656935692232158,0.5665693569223216,1,1
2025,32845,1,0.05939323153817921,0.5593932315381792,1,1
2025,32849,1,0.08134716769496131,0.5813471676949613,1,1
2025,32850,1,0.08104592054679471,0.5810459205467947,1,1
2025,32853,1,0.1111111111111111,0.6111111111111112,1,1
2025,32876,1,0.07014162854682143,0.5701416285468215,1,1
2025,32940,1,0,0.5,1,1
2025,32941,1,0.01184497672138207,0.5118449767213821,1,1
2025,32954,1,0.1172740164195429,0.2723108826411252,0.5571893457459423,0.9021524795243601
2025,32955,1,0,0.1434745394536943,0.3833503310851094,0.7398757916314151
2025,32969,1,0,0.2646275212468371,0.5517839768563813,0.7871564556095441
2025,32971,1,0.00985182562585124,0.2456097301088648,0.5779181069638701,0.8421602024808565
2025,32972,1,2.638542082250561E-5,0.2091246427290913,0.5763177052050028,0.8672194478967341
2025,32973,1,0,0.2853916430735331,0.6990206554199635,0.9136290123464303
2025,32974,1,0.02721147558568676,0.2282335544942591,0.5902817688076449,0.8892596898990726
2025,32992,1,0.03983526419635408,0.5398352641963541,1,1
2025,32994,1,0,0.5,1,1
2025,32995,1,0,0.5,1,1
2025,33034,1,0.0314601324884014,0.5314601324884014,1,1
2025,33135,1,0,0.5,1,1
2025,33199,1,0.008474576271186418,0.5084745762711864,1,1
2025,33202,1,0,0.5,1,1
2025,33203,1,0,0.5,1,1
2025,33204,1,0,0.5,1,1
2025,33205,1,0.09999999999999998,0.6,1,1
2025,33210,1,0,0.5,1,1
2025,33212,1,0.1685425533164465,0.6685425533164465,1,1
2025,33220,1,0,0.5,1,1
2025,33223,1,0,0.5,1,1
2025,33225,1,0,0.5,1,1
2025,33226,1,0,0.5,1,1
2025,33228,1,0,0.5,1,1
2025,33230,1,0,0.5,1,1
2025,33231,1,0,0.5,1,1
2025,33232,1,0,0.5,1,1
2025,33320,1,0.25,0.7419354843749999,0.9919354843749999,1
2025,33353,1,0,0,0,0.5
2025,40045,1,0,0.5,1,1
2025,40735,1,0,0.5,1,1
2025,90825,3,0.04226801984567502,0.2225118083583892,0.4829722749156767,0.8027284864029626
2025,90826,2,0,0.4720688542431853,0.9458884821760182,0.9738196279328328
2025,90826,3,0.03901211410862765,0.2041604114312561,0.4570473683349043,0.791899071012276
2025,90827,3,0.05028280031362908,0.2211981852145984,0.4750461269494593,0.8041307420484899
2025,90828,2,0,0.4948483077318613,0.9777813372640645,0.9829330295322032
2025,90828,3,0.07555653612513519,0.3465855420089473,0.6215185035884998,0.8504894977046877
2025,90831,3,0.08904278208629068,0.2990399719125634,0.6148343304121626,0.9048371405858899
2025,90832,2,0.1650633471224162,0.6519831325561636,0.9722341405816515,0.9853143551479041
2025,90832,3,0.07895223601130508,0.308927577000608,0.5666785850260959,0.836703244036793
2025,91379,2,0.229043505549474,0.6380871372093392,0.896194067460136,0.9871504358002707
2025,91380,2,0.2007510416917093,0.5984763042764731,0.8808354932840988,0.983110230699335
2025,91381,2,0.1611867143172485,0.568793416867123,0.893928299593824,0.9863215970439495
2025,91382,1,0,0.4790962310430869,0.9631335440857751,0.9840373130426882
2025,91382,2,0.03091147864264887,0.2239297462808034,0.5322664000921395,0.839248132453985
2025,91383,1,0,0,0.4880807966976732,0.9880807966976732
2025,91383,2,0.07269765883171408,0.288331333647872,0.5791138325361953,0.8634801577200375
2025,91384,1,0.3230374607044366,0.6342574147621984,0.7969101124257514,0.9856901583679895
2025,91384,2,0.04435960267854022,0.2366713649216102,0.5408752370272218,0.8485634747841518
2025,91385,2,0.1386354362808388,0.4303164238079682,0.6885346030229842,0.8968536154958549
2025,91387,2,0.04057200190226834,0.2316375268423822,0.5110387592495327,0.8199732343094188
2025,91388,1,0,0.4736504553826483,0.9497532902891859,0.9761028349065375
2025,91388,2,0.006642235929898044,0.09877301967374369,0.3336255497746198,0.7414947660307742
2025,91389,1,0,0.2475179931679891,0.495698365313098,0.7481803721451089
2025,91389,2,0.04179958727377942,0.243046198546708,0.5329845463624926,0.8317379350895641
2025,91390,2,0.1212709285378286,0.4513305680336726,0.8105433165259306,0.9804836770300867
2025,91391,2,0.1093114266775957,0.4702395146211564,0.8609280879435608,1
2025,91392,2,0.1666089731959783,0.4839312134574416,0.799059762866834,0.9817375226053707
2025,91393,2,0.02919693791046601,0.1442251781776509,0.3392331059603401,0.7242048656931552
2025,91394,2,0.1196118110735338,0.4536149400024568,0.8285160344191902,0.9945129054902673
2025,91395,2,0.1267988840048992,0.4814922555553095,0.8250719525701707,0.9703785810197605
2025,91396,2,0.134196755080868,0.4724316330641529,0.8286157749102232,0.9903808969269382
2025,91397,2,0.04047685606433765,0.1921437536830613,0.452896301368714,0.8012294037499903
2025,91398,2,0.05184874584866561,0.2054256087270354,0.445784934025568,0.7922080711471983
2025,91399,2,0.1843383357576721,0.5548635509277289,0.8569269344748908,0.986401719304834
2025,91400,2,0.1488898623879936,0.4723769531240552,0.7667212287379659,0.9432341380019043
2025,91401,2,0.03804924739065557,0.2423927424221775,0.5419132066033705,0.8375697115718486
2025,91402,2,0.04155871460423732,0.2195996185072207,0.5464976049681239,0.8684567010651406
2025,91402,3,0.06512594182846332,0.3054359133599089,0.5980368601643778,0.8577268886329322
2025,91403,2,0.2093007621452843,0.6160366983379286,0.9067359361926445,1
2025,91404,2,0.1765526119019256,0.5938724751908676,0.9054251153902519,0.98810525210131
2025,91405,1,0,0.2183690358209895,0.4456505246704932,0.7272814888495036
2025,91405,2,0.02378184976928754,0.1359836670472308,0.396395557783076,0.7841937405051327
2025,91406,2,0.1768073998389351,0.5090397223676231,0.7948942933923708,0.9626619708636828
2025,91407,1,0,0.2383185981343787,0.7229315786509168,0.9846129805165382
2025,91407,2,0.04690629842952798,0.2206360371474611,0.4790323744068851,0.805302635688952
2025,91408,2,0.1384904279931846,0.4898195344794228,0.8258988510295762,0.974569744543338
2025,91409,1,0,0,0.3768694071514466,0.8768694071514466
2025,91409,2,0.03448855829312825,0.175242691222556,0.4242759005958958,0.7835217676664681
2025,91410,1,0,0.1222030148986412,0.6200175066477356,0.9978144917490944
2025,91410,2,0.1001687429083683,0.3967006168674122,0.7054201912114941,0.9088883172524502
2025,91411,1,0,0.4909838733149954,0.9822840502543979,0.9913001769394025
2025,91411,2,0.07480982633225375,0.3335436113392308,0.6331141456270577,0.8743803606200807
2025,91412,1,0,0.4003606810896915,0.8837292421112516,0.9833685610215601
2025,91412,2,0.07373142293505086,0.3105169460142999,0.5874253124602485,0.8506397893809995
2025,91413,2,0.203031393116126,0.5840627092218841,0.858064428939302,0.9770331128335439
2025,91414,2,0.1782772421054014,0.5975147280143105,0.9100642958698419,0.9908268099609329
2025,91415,1,0.09003731113947594,0.2692903658067893,0.6611204319586718,0.9818673772913584
2025,91415,2,0.07032093419528568,0.304606010820513,0.5896657201562929,0.8553806435310656
2025,91416,2,0.04877925629970104,0.1664357037138493,0.349222312336607,0.7315658649224588
2025,91417,2,0.03114784095187656,0.134841475597134,0.332344629830171,0.7286509951849136
2025,91418,2,0.02969720252009322,0.1152245601051238,0.2605686723779048,0.6750413147928742
2025,91419,2,0.07633276989295162,0.2135797600884937,0.3718743434429766,0.7346273532474346
2025,91420,2,0.2125714501797846,0.7125714501797846,1,1
2025,91421,3,0.1311525406005232,0.4503312567012713,0.8023647572258231,0.983186041125075
2025,91422,2,0.05732843003650745,0.1841695556270304,0.3303604248938619,0.703519299303339
2025,91423,2,0.2235211864491624,0.6246255188612793,0.900592828801784,0.9994884963896671
2025,91424,1,0,0,0,0.5
2025,91424,2,0.04595880274663744,0.1747485641431915,0.3516003330158877,0.7228105716193337
2025,91425,1,0,0,0,0.5
2025,91425,2,0.08698653191240802,0.2668490799821022,0.4655987005195196,0.7857361524498254
2025,91426,2,0.1391477515289699,0.4939014518582343,0.8382309131430541,0.9834772128137897
2025,91427,2,0.1454103928992629,0.4881772064189365,0.8294364759888956,0.986669662469222
2025,91428,2,0.07312881461225407,0.3251601948492264,0.6302885270204122,0.8782571467834398
2025,91429,2,0.1324564771032298,0.4834328358995028,0.8304942808989517,0.9795179221026789
2025,91430,1,0.002493737076569136,0.003822394223743919,0.4992511456062325,0.9979224884590577
2025,91430,2,0.07343968302251508,0.2876061780075277,0.5465484429035299,0.8323819479185173
2025,91430,3,0.09815677473496642,0.3824588389854787,0.6782623895826738,0.8939603253321615
2025,91431,2,0.06725202293321597,0.3264726816567922,0.640372584217231,0.8811519254936547
2025,91432,2,0.04969663404061908,0.2611206127699041,0.538636495063964,0.8272125163346791
2025,91432,3,0.07728210404847691,0.3369609049001374,0.6423065264103323,0.8826277255586719
2025,91433,2,0.07147944888086244,0.2830423332134347,0.5612790968785129,0.8497162125459407
2025,91434,2,0.03335650977482518,0.1675185678580002,0.3871256070584463,0.7529635489752713
2025,91434,3,0.07290166357008282,0.276523028752781,0.5240676629867923,0.8204462978040941
2025,91435,2,0.01461593424050994,0.1292669805147365,0.355777604931993,0.7411265586577664
2025,91435,3,0.06392307736787778,0.2599921022510942,0.5192015717267463,0.82313254684353
2025,91436,2,0.1032939669291397,0.4062359221784463,0.7857144410454433,0.9827724857961366
2025,91437,1,0.3670503233617118,0.7819007902213742,0.8962987166481821,0.9814482497885197
2025,91437,2,0.05536465560926879,0.2289013331095392,0.4858074028588227,0.8122707253585523
2025,91438,2,0.126506621645905,0.436904514201896,0.7821576925908448,0.9717598000348538
2025,91439,2,0.1328577119731443,0.4990604928502504,0.8662027808771061,1
2025,91440,2,0.01129103485252669,0.2028853609571162,0.514737095930788,0.8231427698261984
2025,91441,1,0.211425087364607,0.6224407481085104,0.8953179212690485,0.9843022605251451
2025,91441,2,0.07620914052075312,0.2819091866467163,0.5551185857208756,0.8494185395949125
2025,91442,1,0,0.3050458348016799,0.786247611217519,0.981201776415839
2025,91442,2,0.07449410343582114,0.2914717564193191,0.5693915506114582,0.8524138976279603
2025,91443,2,0,0.2703057603522965,0.6168260152305988,0.8465202548783022
2025,91444,2,0.02728298321639372,0.3204531975024513,0.6346409115533307,0.8414706972672731
2025,91445,1,0,0.4772818718707116,0.9582698942591358,0.9809880223884242
2025,91445,2,0.02271599925336476,0.186224439991232,0.4757923066470738,0.8122838659092066
2025,91446,1,0.03431349927963889,0.3756097720905255,0.8210436193601447,0.9797473465492582
2025,91446,2,0.04446515254888556,0.2308762011946938,0.5043534726791137,0.8179424240333054
2025,91447,1,0,0.4749313278306524,0.9612106140093015,0.9862792861786491
2025,91447,2,0.04645321739609415,0.2427714737324231,0.5534168122296145,0.8570985558932855
2025,91448,2,0.06125060159619622,0.2988666409647681,0.6056209328353843,0.8680048934668123
2025,91449,1,6.153652807333043E-4,0.4933948261571672,0.9833062232704175,0.9905267623939836
2025,91449,2,0.08793930894270513,0.324380741650125,0.5833062232704175,0.8468647905629977
2025,91450,1,0,0.2344987830119744,0.7230068798784244,0.98850809686645
2025,91450,2,0.04140595370044337,0.2208933471907776,0.5105923012907252,0.8311049078003909
2025,91451,1,0.07976908313362269,0.4798647358204017,0.8872565013230626,0.9871608486362836
2025,91451,2,0.06467352679642024,0.2607300189720021,0.5307375659261813,0.8346810737505994
2025,91452,1,0,0.4888986401250308,0.9854626899677307,0.9965640498426999
2025,91452,2,0.0686884355584631,0.3027991139871875,0.6226035928405077,0.8884929144117834
2025,91453,2,0.07188683305593063,0.3089683189676964,0.5944581542449336,0.8573766683331678
2025,91454,2,0.09003772489743911,0.305550674637929,0.5355923922621706,0.8200794425216806
2025,91455,2,0.05573900913352653,0.2933033355987975,0.6593677395560631,0.9218034130907922
2025,91456,2,0.01435596711391141,0.2136950775906039,0.5946834146325927,0.8953443041559003
2025,91457,2,0.0467570342436342,0.2923973107446586,0.6630313360821959,0.9173910595811715
2025,91458,2,0.009517170575181921,0.1644932037348978,0.4759529655822773,0.8209769324225614
2025,91459,2,0.08309318454609854,0.3457466111178709,0.6706864097488829,0.9080329831771106
2025,91460,1,0,0.487529292227542,0.9804327066682768,0.9929034144407348
2025,91460,2,0.04525007258072988,0.2822382392671463,0.6151729664085365,0.87818479972212
2025,91461,2,0.01479416759930913,0.1580471671412262,0.421622682945794,0.7783696834038769
2025,91461,3,0.08326079430547301,0.3369220569844054,0.6225159063587877,0.8688546436798553
2025,91462,2,0.2104167013362464,0.6233674897899091,0.9129507884536627,1
2025,91463,2,0.003635612710346847,0.1189610706929166,0.4108716342136076,0.7955461762310378
2025,91463,3,0.06459268532496432,0.2816949283184015,0.5765385310497809,0.8594362880563438
2025,91464,1,0,0,0.2393221898054221,0.7393221898054221
2025,91464,2,0.0831017853116427,0.3164480854497965,0.5992716768848896,0.8659253767467358
2025,91465,3,0.162516882821548,0.4903689289052932,0.804694968688134,0.9768429226043888
2025,91466,2,0.05768976533666853,0.2972364724452575,0.6131055379207134,0.8735588308121245
2025,91467,2,0.08099057101644946,0.3615579172464859,0.6621659180182565,0.8815985717882201
2025,91468,2,0.08771498150522733,0.3108258706131374,0.5692463194942631,0.846135430386353
2025,91469,2,0.05969113808845372,0.2828559294705089,0.5846178136188072,0.861453022236752
2025,91470,2,0.02519899407136045,0.2755608600614025,0.6870651561226437,0.9367032901326017
2025,91471,2,0.1073293161726941,0.4299077475435937,0.7764701335247264,0.9538917021538268
2025,91472,1,0.1272578825800171,0.4456564812014353,0.7730519546425776,0.9546533560211594
2025,91473,1,0.1265576797969353,0.481855411906113,0.8309075702953168,0.9756098381861391
2025,91474,1,0.1509912979712575,0.5177758424876213,0.8553639641282886,0.9885794196119249
2025,91475,1,0.06009918956770388,0.2853689523068886,0.6003356139643097,0.8750658512251248
2025,91476,1,0.06222522182113849,0.2810836934831885,0.5945628852839526,0.8757044136219027
2025,91477,1,0.0762803744542993,0.3847421446782305,0.7730003776564452,0.9645386074325141
2025,91477,2,0.1076946993320229,0.3844394297676504,0.6712915689926765,0.8945468385570489
2025,91478,1,0.06780304695562284,0.2854424071069822,0.5711873556682422,0.8535479955168828
2025,91479,1,0.06444648133000963,0.2592290979918281,0.5220313604523863,0.8272487437905678
2025,91480,1,0.0631859078636105,0.2728255934024979,0.5629311564447788,0.8532914709058914
2025,91482,2,0.110276096796618,0.4393415848620928,0.7835775033685664,0.9545120153030916
2025,91483,2,0.09927230641857143,0.3712447068332315,0.7199548339587133,0.9479824335440532
2025,91484,2,0.1127046571288723,0.4204942039624929,0.740214556277311,0.9324250094436904
2025,91485,2,0.04646112086446197,0.195613326351194,0.4561967591516664,0.8070445536649343
2025,91486,1,0.0369201699532718,0.1922591258163388,0.4561660970410031,0.8008271411779362
2025,91487,1,0.02878020878929516,0.1637495178267633,0.4236795405066512,0.7887102314691831
2025,91488,2,0.02896394036514599,0.1457483999916098,0.3728390590777131,0.7560545994512492
2025,91489,1,0.0476413845898872,0.2084846367301753,0.5098922239442444,0.8490489718039563
2025,91490,3,0.1676813994238861,0.5425486642639022,0.8561559654389648,0.9812887005989487
2025,91491,2,0.09539921705468107,0.3132719069770766,0.5735453626739516,0.8556726727515561
2025,91492,2,0.0875578866545697,0.3074503611775789,0.5887478339185703,0.8688553593955612
2025,91493,3,0.1376212129290572,0.4910304106612725,0.8187385500524869,0.9653293523202714
2025,91494,2,0.06188078575253386,0.2629106908567715,0.5240050102316068,0.8229751051273693
2025,91495,2,0.06916464932873156,0.278208597113397,0.5578199554597542,0.8487760076750887
2025,91496,1,0,0,0.4875634818330447,0.9875634818330448
2025,91496,2,0.08406161971424542,0.2772971884845851,0.5360482552693442,0.8428126864990044
2025,91497,1,0,0,0.4950588030818557,0.9950588030818557
2025,91497,2,0.04417169253932629,0.2400874057325731,0.5602414704107357,0.8643257572174888
2025,91498,1,0.1609620291448125,0.3015677779824758,0.4554587299649966,0.8148529811273334
2025,91498,2,0.07722350942574169,0.2836045148814492,0.5543242080849318,0.8479432026292242
2025,91499,2,0.09406548757588468,0.3272325566744164,0.6044193539679658,0.8712522848694341
2025,91499,3,0.09381409723337819,0.3277404677745827,0.5982705514068626,0.8643441808656581
2025,91500,1,0.2849777861278682,0.6971523017790534,0.9006905609299874,0.9885160452788022
2025,91500,2,0.09601272641977449,0.3297018128115366,0.6052460673430791,0.8715569809513168
2025,91501,1,0.09852184144661752,0.2417149468629306,0.4596977698956334,0.8165046644793204
2025,91501,2,0.01813375269926121,0.1896373934464468,0.4945099577801235,0.8230063170329379
2025,91502,1,0.09917864933186127,0.4751549599277583,0.8554192350799796,0.9794429244840825
2025,91502,2,0.08869175794609352,0.2917279936356235,0.5401570627953355,0.8371208271058055
2025,91503,2,0.1249342812477634,0.4036758392908172,0.6757887409675225,0.8970471829244688
2025,91504,2,0.01365164070985075,0.108324145698922,0.3935938426397054,0.7989213376506341
2025,91504,3,0.1016512938790175,0.3602002837375937,0.6398599919503791,0.8813110020918029
2025,91505,1,0,0.2292798463108263,0.5920768476836851,0.8627970013728588
2025,91505,2,0.1028326487488456,0.3471610387489922,0.6239943234118404,0.8796659334116937
2025,91506,1,0,0.06524577371111401,0.329423407236476,0.7641776335253619
2025,91507,1,0,0,0.1329573841377637,0.6329573841377636
2025,91508,1,0,0,0,0.5
2025,91509,1,0,0,0,0.5
2025,91510,1,0,0,0,0.5
2025,91512,2,0.02289187061843789,0.1524988378125015,0.419165415967154,0.7895584487730904
2025,91513,2,0.02807105580750813,0.1665674000635674,0.4451992789216128,0.8067029346655535
2025,91514,4,0.1328726455662615,0.4820635981851043,0.8391938339698911,0.9900028813510483
2025,91515,2,0.02677463112798928,0.1508871395126089,0.3797358001068955,0.7556232917222759
2025,91516,2,0.02109942677274074,0.1794785658147854,0.4443733408775613,0.7859942018355166
2025,91517,2,0.01892432317510795,0.08961609563734863,0.2917124693528327,0.721020696890592
2025,91518,3,0.07346852685463096,0.3862655316092152,0.7684846909439094,0.9556876861893251
2025,91519,2,0.04683659458005934,0.2344747594246501,0.50214352392957,0.8145053590849791
2025,91520,2,0.003325645304193547,0.0584056732759069,0.225392235910533,0.6703122079388197
2025,91521,2,0.06399241719401183,0.28815141638283,0.5768450889089977,0.8526860897201795
2025,91522,1,0,0.1720205360369815,0.3494049811328926,0.6773844450959112
2025,91522,2,0.03501673690787438,0.2011180942123612,0.4843741242613048,0.8182727669568179
2025,91523,2,0.1212275729469859,0.4094960814662175,0.7268049779485881,0.9385364694293565
2025,91524,2,0.1519422222486911,0.4809839077250225,0.7955332809108417,0.9664915954345104
2025,91525,2,0.06253760097060174,0.2683923842046134,0.5070580380018459,0.8012032547678342
2025,91526,2,0.1459419542173239,0.4783717174322139,0.7794122745588384,0.9469825113439484
2025,91527,1,0.09425711486247335,0.1883893361716653,0.1856753629210823,0.5915431416118904
2025,91527,2,0.05268190504969095,0.2624371089282825,0.5392583196673703,0.8295031157887787
2025,91528,2,0.09275295614752682,0.3551429876837333,0.6334350212254901,0.8710449896892837
2025,91529,2,0.09556500080776631,0.3488196103173139,0.6239793710867165,0.8707247615771689
2025,91530,3,0.07778835230787379,0.3480655168921878,0.701818373637452,0.9315412090531381
2025,91531,2,0.1300843763400534,0.4414040120217521,0.7555400199073691,0.9442203842256705
2025,91532,2,0.1752916300457453,0.5505548435018346,0.8435658549790371,0.9683026415229478
2025,91533,2,0.03325414764886636,0.1685723528992917,0.4750462701011485,0.8397280648507232
2025,91534,1,0.007708989211206108,0.03702048294492127,0.129357265327417,0.6000457715937019
2025,91535,1,0.0120597541871284,0.02731940275506034,0.07941712417579516,0.5641574756078632
2025,91536,1,0.05652601050977335,0.2413810575712955,0.5639737235791886,0.8791186765176665
2025,91537,1,0,0.005534584411010346,0.07796066211667602,0.5724260777056657
2025,91538,2,0.04620710278364731,0.2875251903840747,0.6734525928370303,0.932134505236603
2025,91539,1,0.1190625526791644,0.2931192432562577,0.3892576497721155,0.7152009591950221
2025,91540,1,0.1891839655233836,0.448409083260383,0.5638767831980739,0.8046516654610745
2025,91541,1,0.06460738081689027,0.2936284821585373,0.6138965790234252,0.8848754776817782
2025,91542,1,0.1073529530616765,0.2501674955682493,0.3495374228476342,0.7067228803410615
2025,91543,2,0.07744194821651396,0.3789393170955819,0.732645225436632,0.931147856557564
2025,91544,1,0.005849089123418916,0.06242668316021605,0.2350916588793497,0.6785140648425525
2025,91545,1,0.01112141267450723,0.1185084237726872,0.3259763129889332,0.7185893018907532
2025,91546,1,0.04654941391415701,0.3242179380802743,0.7212030818268762,0.9435345576607589
2025,91547,1,0.01017952798810756,0.06956015112688951,0.2414402281610811,0.6820596050222991
2025,91548,2,0.03734679550333764,0.2614984302556371,0.6445477637518591,0.9203961289995597
2025,91549,1,0.03303179021269392,0.1155451903382354,0.2259016491970642,0.6433882490715228
2025,91550,1,0,0.004557038620827014,0.04888990098334178,0.5443328623625148
2025,91551,1,0.04807111011489418,0.2558132963799815,0.6163058497175472,0.9085636634524599
2025,91552,1,0.01750737612083519,0.1241453466242423,0.288193834893289,0.6815558643898819
2025,91553,2,0.1101770916789972,0.3746187255631167,0.6675548449910819,0.9031132111069624
2025,91554,1,0.02378075164082483,0.1195355453169817,0.314792561174052,0.719037767497895
2025,91555,1,0.04297816025438295,0.1640520816497781,0.3399239134269804,0.7188499920315853
2025,91556,1,0.09903467485545653,0.3460851746951594,0.6425235558272235,0.8954730559875207
2025,91557,1,0.03375712000805969,0.1450007939252411,0.3302686652180056,0.7190249913008242
2025,91558,2,0,0.08131527979587061,0.3354934016994208,0.7541781219035502
2025,91559,1,0.005396215772478008,0.01418449099661356,0.02564029936290835,0.5168520241387728
2025,91560,1,0,0.004836845925882405,0.05472135462361916,0.5498845086977368
2025,91561,1,0,0.1329260543132608,0.4326454652513779,0.7997194109381172
2025,91562,1,1.706375543948369E-4,0.01076191682797406,0.04422087186512957,0.5336295925915504
2025,91563,2,0.07280510928678685,0.3448995657811649,0.7301695302246302,0.9580750737302521
2025,91564,1,0.07691589153078565,0.293330103438382,0.5490815087444825,0.8326672968368862
2025,91565,1,0.08320687472742877,0.2736421056080344,0.4901431079755384,0.7997078770949329
2025,91566,1,0.05513767408211939,0.3118206346799773,0.6659001081131242,0.9092171475152662
2025,91567,1,0.05816433618174682,0.1928652671614531,0.3997004320580579,0.7649995010783517
2025,91568,2,0.05632536839009372,0.3144608650528709,0.6908209169753321,0.9326854203125551
2025,91569,1,0.02638086732416867,0.1199030716010652,0.3178011481518811,0.7242789438749846
2025,91570,1,0.04904479244224957,0.177714145232892,0.349630772348534,0.7209614195578915
2025,91571,1,0.042761546912021,0.2556574216252957,0.6405779903927993,0.9276821156795245
2025,91572,1,0.02013031391874437,0.09763401436226543,0.2971802517520459,0.7196765513085248
2025,91573,1,0,0.2957165893530368,0.6325618899318224,0.8368453005787856
2025,91573,2,0.04471413314453526,0.2432256168637693,0.4956560800726674,0.7971445963534334
2025,91574,1,0.1965596609069936,0.4712739915241001,0.6232273850637687,0.8485130544466623
2025,91574,2,0.03566077922294136,0.2002664107829417,0.5204174987748862,0.8558118672148858
2025,91575,1,0,0,0.2308157493616822,0.7308157493616823
2025,91575,2,0.02844190234630545,0.1842250484293357,0.429903229761941,0.7741200836789107
2025,91576,1,0,0.4971281829411721,0.9971281829411721,1
2025,91576,2,0.04298085781652788,0.3429109181577853,0.7397273463148696,0.9397972859736121
2025,91577,2,0.1465190232023436,0.4494138650899682,0.7296576415010214,0.9267627996133967
2025,91578,2,0.1496715385049662,0.5047899023714388,0.8428733482461401,0.9877549843796674
2025,91579,2,0.1466102118362849,0.4799885189910356,0.8054014596061719,0.9720231524514212
2025,91580,1,0.180724105232666,0.4574296266663887,0.6876799550213936,0.9109744335876708
2025,91580,2,0.07095273555638343,0.3467827458134856,0.6708623827363094,0.8950323724792072
2025,91581,1,0,0.28414353628282,0.6408376054470902,0.8566940691642703
2025,91581,2,0.04849644602842546,0.3100110960459955,0.6517372821221679,0.8902226321045978
2025,91582,2,0.06285591823134684,0.3060935991175401,0.6099929502796151,0.8667552693934217
2025,91583,1,0,0,0.4979358560290519,0.9979358560290519
2025,91583,2,0.05954954876437052,0.3047514718265723,0.6209342467111023,0.8757323236489006
2025,91584,2,0.1673344220127321,0.5427184473938068,0.8713640453445667,0.9959800199634921
2025,91585,2,0.1402554931729571,0.4669081925758146,0.8020089319088031,0.9753562325059455
2025,91586,2,0.1954311687131748,0.5528647526188131,0.8342091064830934,0.9767755225774551
2025,91587,2,0.004366246123761075,0.2460846508805865,0.5955353944783065,0.8538169897214811
2025,91588,2,0.02567221178474932,0.1546918770253176,0.3792009120874723,0.7501812468469041
2025,91589,1,0,0,0,0.5
2025,91589,2,0.04417997576523058,0.1827496754286,0.4296741786478502,0.7911044789844807
2025,91590,2,0.00787704828942809,0.1106203077928514,0.3359996795721952,0.7332564200687719
2025,91591,2,0,0.09307861270354156,0.3148326036655241,0.7217539909619826
2025,91592,2,0.001358307989828334,0.05746423566382353,0.2426299084577728,0.6865239807837776
2025,91593,2,0.09517202417970627,0.2812110044047053,0.4833326603334516,0.7972936801084526
2025,91594,2,0.1380388355657416,0.5387348810738659,0.9006960455081243,1
2025,91595,2,0.1675318598586207,0.5984218191002703,0.9308899592416495,1
2025,91596,2,0.1582477233624637,0.4330914605234353,0.6479033577901158,0.8730596206291441
2025,91597,1,0,0,0,0.5
2025,91597,2,0.0803758913794258,0.2849744533859098,0.5201053192318614,0.8155067572253775
2025,91598,2,0.1970081197620162,0.531542912747793,0.774846533764397,0.9403117407786202
2025,91599,1,0,0,0.4796886172104493,0.9796886172104493
2025,91599,2,0.08037116678348033,0.3188642941772655,0.5544106664233454,0.8159175390295602
2025,91600,2,0.06623958400331548,0.2626329889627594,0.4996986411621619,0.803305236202718
2025,91601,2,0.03990607502902027,0.2696320105458772,0.5750810229253486,0.8453550874084916
2025,91602,2,0.05389592861862991,0.2691394675232037,0.5330040194818402,0.8177604805772664
2025,91603,3,0.1076840543811245,0.4841519988765509,0.8764679444954264,1
2025,91604,2,0.02850213431488763,0.197893595050752,0.4433816731110045,0.7739902123751401
2025,91604,3,0.04699643629190137,0.2666943242546129,0.5444945936759459,0.8247967057132344
2025,91605,2,0.1012065306277368,0.4140239182262777,0.7928087255997877,0.9799913380012468
2025,91606,2,0.07941820960271812,0.3897773263803543,0.7770924773731224,0.9667333605954861
2025,91607,2,0.1045800368241211,0.3886574615936762,0.6514013466483379,0.8673239218787829
2025,91607,3,0.0850393767535913,0.3515729048825375,0.6170884325228707,0.8505549043939246
2025,91608,3,0.0673753810192037,0.2827294218088307,0.5475796831223809,0.8322256423327541
2025,91609,3,0.05674305163738247,0.2797186534289851,0.4968177131757322,0.7738421113841295
2025,91610,2,0,0,0.4773050798112284,0.9773050798112284
2025,91610,3,0.07664436225608284,0.3017726289969777,0.5437862056874091,0.8186579389465143
2025,91611,2,7.276542804311448E-4,0.4855072081150004,0.9637728537983988,0.9789932999638296
2025,91611,3,0.09937401637856991,0.3281468020236299,0.5524361363703107,0.8236633507252509
2025,91612,3,0.194161765207845,0.571340031353993,0.8372186927152282,0.9600404265690802
2025,91613,3,0.1246686565084997,0.4628469962040775,0.8042752305658429,0.9660968908702651
2025,91614,3,0.1046246732672442,0.439283244639341,0.7630190975331994,0.9283605261611025
2025,91615,3,0.1300096967696699,0.3354521824781288,0.4758462680489559,0.770403782340497
2025,91616,3,0.04408171408278516,0.1648700885291785,0.3552980412885885,0.7345096668421951
2025,91617,3,0.1501129091756215,0.4817943503706265,0.8029916109495259,0.9713101697545209
2025,91618,3,0,0.05388006449167238,0.4266942937270313,0.8728142292353589
2025,91619,3,0.121403132873833,0.3098863389280024,0.6462077626394713,0.9577245565853021
2025,91620,3,0.2493547495885725,0.5648560407527496,0.7117283215813505,0.8962270304171733
2025,91620,4,0.1022324474302991,0.3408752254050278,0.5714405517971779,0.8327977738224492
2025,91621,2,0,0.4832620843656102,0.9529482618363794,0.9696861774707692
2025,91621,3,0.07003873652852183,0.258229484966765,0.4555422955588178,0.7673515471205745
2025,91622,3,0.04938182739833913,0.2582291879881489,0.5085577646075119,0.7997104040177021
2025,91623,2,0.006400958362891063,0.4958905214134404,0.9705656381473129,0.9810760750967636
2025,91623,3,0.1195054825438583,0.3601650923962797,0.5610492574920867,0.8203896476396653
2025,91624,3,0.08171501987451468,0.3613097123215094,0.6941305947766696,0.9145359023296749
2025,91625,3,0.0661820430998622,0.3376937039268686,0.6571170796021284,0.885605418775122
2025,91626,3,0.04655932678454983,0.1893559309195992,0.3917307919047756,0.7489341877697262
2025,91627,3,0.1390434523347961,0.5621571677955208,0.9231137154607247,1
2025,91628,3,0.08021747442112781,0.2963797559357152,0.550132559380708,0.8339702778661207
2025,91629,3,0.08391301655236955,0.3203474333958484,0.5900675121229777,0.8536330952794988
2025,91630,3,0.09808569830324843,0.3796510880840255,0.6718918077660188,0.8903264179852417
2025,91631,3,0.08563062457556236,0.3077661263028609,0.5752449620577651,0.8531094603304665
2025,91643,1,0.2416103194837108,0.4675123839981751,0.701096685394815,0.9751946208803506
2025,91643,3,0.07643174805513936,0.3018377808235719,0.5552633520614816,0.829857319293049
2025,91644,3,0.1593315403582813,0.394335518882973,0.548329075294304,0.8133250967696122
2025,91650,1,0,0,0.2353676613955606,0.7353676613955606
2025,91650,2,0.04309917202403163,0.2208255371092821,0.5053316129044441,0.8276052478191935
2025,91651,2,0.1251526561281861,0.376717558277759,0.6154980279735713,0.8639331258239985
2025,91652,2,0.1632807477953851,0.5146074753876211,0.8312578397019281,0.9799311121096921
2025,91653,2,0.1361631023617766,0.4489284719800587,0.766687640798829,0.9539222711805468
2025,91654,1,0,0,0.08507105608739396,0.585071056087394
2025,91654,2,0.05421477862001872,0.2467170708799845,0.5402943699583618,0.8477920776983959
2025,91679,1,0.02490425002863511,0.2565248300250411,0.6811219935850966,0.9495014135886907
2025,91680,1,0.1312902162026788,0.3582244666753985,0.5693592243514106,0.8424249738786909
2025,91681,1,0.08412234934498858,0.2399769015213902,0.3980780283625827,0.742223476186181
2025,91682,1,0.08927539952846325,0.4115865342253969,0.749256761127313,0.9269456264303793
2025,91683,1,0.03073336510303065,0.1823643859321748,0.3955859482947375,0.7439549274655933
2025,91725,1,0,0,0,0.5
2025,91725,2,0.04254573699777686,0.2319837429348756,0.482308348905392,0.7928703429682933
2025,91735,2,0.06621267271617959,0.3016120874179109,0.569710465239672,0.8343110505379406
2025,91736,2,0.1182204503734905,0.3084307748475062,0.5772745965147472,0.8870642720407316
2025,91789,1,0.00803740317513485,0.00803740317513485,0,0.5
2025,91789,2,0.1312295519354654,0.3946444311469816,0.6426824028306448,0.8792675236191287
2025,91803,1,0.02702781957888706,0.2388270385026142,0.5710376591307323,0.8592384402070052
2025,91804,1,0.1167657431241307,0.4564660677321112,0.832387900382515,0.9926875757745345
2025,91805,1,0.05413739028220149,0.319140981563358,0.6925243345925964,0.9275207433114399
2025,91806,1,0.1435065210849001,0.4940481453536345,0.8253107784065394,0.9747691541378051
2025,91807,1,0.03687883141667636,0.1920208847820144,0.4218079389554892,0.7666658855901511
2025,91808,2,0.06164176813769595,0.3640497134833606,0.7712642266771474,0.9688562813314828
2025,91809,1,0.0309550714197907,0.188049065520252,0.4617649142400684,0.8046709201396072
2025,91810,1,0.09271431218595672,0.2838571481778761,0.5237752277242833,0.832632391732364
2025,91811,1,0,0.1224186338064282,0.6224186338064281,1
2025,91812,1,0.1990655182234637,0.4782808998825155,0.7434529858328789,0.9642376041738271
2025,91813,1,0,0.184220465415562,0.6302224695521239,0.9460020041365619
2025,91814,1,0,0.5,1,1
2025,91815,1,0,0.03457651830419467,0.2034331670755648,0.6688566487713701
2025,91816,1,0,0.05817241422159497,0.3885242050466505,0.8303517908250555
2025,91817,1,0.09753063056918004,0.2931022250817665,0.4973794095601366,0.8018078150475502
2025,91818,1,0.003875610331160961,0.2346796685944026,0.6746062218076307,0.9438021635443892
2025,91819,1,0.04071312138777616,0.4257442558357386,0.7644866775012873,0.8794555430533247
2025,91820,1,0,0.3010558708255476,0.763464954198439,0.9624090833728914
2025,91821,1,0.004841287261981742,0.02088286338473377,0.1132304964434219,0.59718892032067
2025,91822,1,0,0.2711625270588244,0.6546629282691929,0.8835004012103684
2025,91823,1,0.01862039779940755,0.09124153744600444,0.3940893852169484,0.8214682455703515
2025,91824,1,0,0.1434258945417646,0.422926268574368,0.7795003740326034
2025,91825,1,0,0.0239605529193952,0.1356452536514194,0.6116847007320243
2025,91826,1,0,0.1105059253891612,0.4262761687240032,0.815770243334842
2025,91827,1,0,0,0.1771621558521919,0.6771621558521919
2025,91828,1,0,0.2473562139276944,0.6762107003816505,0.9288544864539562
2025,91829,1,0,0.4096504911557467,0.8302516650620997,0.920601173906353
2025,91830,1,0,0.1159601605842812,0.3488089344776418,0.7328487738933606
2025,91831,1,0,0.2886282454055604,0.7292490427929262,0.9406207973873658
2025,91832,1,0.01320650680050378,0.1262345190727041,0.3494553747870891,0.7364273625148887
2025,91833,1,0.009803358156298403,0.1875249644213642,0.5494620954230279,0.8717404891579622
2025,91834,1,0,0,0.2057553049187958,0.7057553049187958
2025,91835,1,0,0.161194617137742,0.362509949347465,0.701315332209723
2025,91836,1,0,0.2228767795778106,0.6311978399607265,0.908321060382916
2025,91837,1,0,0.4085910652920962,0.9085910652920962,1
2025,91838,1,0,0.2365522946528536,0.6579273720811257,0.9213750774282722
2025,91849,1,0.08594867397632949,0.2233332534305998,0.4034190426175703,0.7660344631633
2025,91855,1,0,0.5,1,1
2025,91856,1,0,0.5,1,1
2025,91857,1,0.06477872349377722,0.3376991256343521,0.6983559277379504,0.9254355255973755
2025,91859,1,0,0.2192307680288463,0.4288461520432694,0.7096153840144231
2025,91862,1,0,0.1723948286399481,0.563317098112567,0.8909222694726189
2025,91869,1,0.03121101778404817,0.2214438038414351,0.5456570133923717,0.8554242273349848
2025,91870,1,0.04773003385741537,0.2406595761675093,0.5415410696922057,0.8486115273821118
2025,91871,1,0.03808303842783145,0.2459903004215002,0.566269398041082,0.8583621360474132
2025,91872,1,0.04389802120177222,0.2285087897425402,0.5026041224279653,0.8179933538871973
2025,91873,1,0.03211043692664739,0.2014810449691563,0.4885830999147379,0.819212491872229
2025,91874,1,0.04431660108549834,0.2525686038581393,0.5349517079005699,0.826699705127929
2025,91875,1,0.04300576358137809,0.2086812216459315,0.459812657862926,0.7941371997983726
2025,91876,1,0.09971214675088813,0.4363905099341717,0.8191186835313629,0.9824403203480794
2025,91900,1,0.03318243454279402,0.2146348478476298,0.4515688910589642,0.7701164777541284
2025,91901,1,0.06186339843765609,0.2324907619590498,0.4391725063415057,0.768545142820112
2025,91902,1,0.04325181034165804,0.1073202172449261,0.2629973835536622,0.6989289766503941
2025,91902,2,0.09605740066289287,0.298183796719269,0.4729056021602538,0.7707792061038776
2025,91903,1,0.08770415573240958,0.2845545124751466,0.4576848758581966,0.7608345191154595
2025,91904,1,0.1095993031239621,0.2923993298059925,0.4388805683957435,0.7560805417137131
2025,91905,1,0.07041849783304627,0.2760867571909321,0.466919904386945,0.7612516450290592
2025,91906,1,0.01131605251892648,0.1282521966671461,0.3399639817338719,0.7230278375856523
2025,91906,2,0.05536659186956333,0.233883510068965,0.4352849676689784,0.7567680494695768
2025,91907,1,0.04292311562251328,0.241528118511693,0.4567716758718096,0.7581666729826299
2025,91907,2,0.07632133438417932,0.2728908902749768,0.4625802549698133,0.7660106990790159
2025,91908,1,0.1746970935349446,0.5089213039686767,0.7727720427158675,0.9385478322821355
2025,91909,1,0.1435286551139147,0.4674043650611921,0.7643010640513507,0.9404253541040732
2025,91984,1,0.04456768839169178,0.2244019330039338,0.611108925423979,0.9312746808117369
2025,91984,2,0.06981521314416705,0.2461841112217556,0.4779406085922958,0.8015717105147072
2025,91985,1,0.1604234258437928,0.4816737652972258,0.6416408246640817,0.8203904852106486
2025,91985,2,0.02691325785086612,0.1854757104784813,0.4329759263440109,0.7744134737163957
2025,91986,2,0.02758351177137725,0.1648743601806138,0.4354395784262804,0.7981487300170438
2025,91987,2,0.01666804313098785,0.1599708140179107,0.540493900139282,0.8971911292523592