standard,title,credits,assessment_type,subject
90825,Analyse a religious tradition(s) in Aotearoa New Zealand,6,Internal,Religious Studies
90826,Analyse the response of a religious tradition to a contemporary ethical issue,6,Internal,Religious Studies
90827,Analyse the key beliefs of a religious tradition and a secular world view in relation to ultimate questions,6,Internal,Religious Studies
90828,Evaluate a personal action that contributes towards a sustainable future,6,Internal,Education for Sustainability
90831,Analyse the impact that policies have on a sustainable future,5,External,Education for Sustainability
90832,Develop a strategy for an organisation that will contribute to a sustainable future,5,Internal,Education for Sustainability
91379,Demonstrate understanding of how internal factors interact within a business that operates in a global context,4,External,Business Studies
91380,Demonstrate understanding of strategic response to external factors by a business that operates in a global context,4,External,Business Studies
91381,Apply business knowledge to address a complex problem(s) in a given global business context,4,External,Business Studies
91382,Develop a marketing plan for a new or existing product,6,Internal,Business Studies
91383,Analyse a human resource issue affecting businesses,3,Internal,Business Studies
91384,"Carry out, with consultation, an innovative and sustainable business activity",9,Internal,Business Studies
91385,"Investigate the exporting potential of a New Zealand business in a market, with consultation",3,Internal,Business Studies
91387,Carry out an investigation in chemistry involving quantitative analysis,4,Internal,Chemistry
91388,Demonstrate understanding of spectroscopic data in chemistry,3,Internal,Chemistry
91389,Demonstrate understanding of chemical processes in the world around us,3,Internal,Chemistry
91390,Demonstrate understanding of thermochemical principles and the properties of particles and substances,5,External,Chemistry
91391,Demonstrate understanding of the properties of organic compounds,5,External,Chemistry
91392,Demonstrate understanding of equilibrium principles in aqueous systems,5,External,Chemistry
91393,Demonstrate understanding of oxidation-reduction processes,3,Internal,Chemistry
91394,Analyse ideas and values of the classical world,4,External,Classical Studies
91395,Analyse the significance of a work(s) of art in the classical world,4,External,Classical Studies
91396,Analyse the impact of a significant historical figure on the classical world,6,External,Classical Studies
91397,Demonstrate understanding of significant ideology(ies) in the classical world,6,Internal,Classical Studies
91398,Demonstrate understanding of the lasting influences of the classical world on other cultures across time,6,Internal,Classical Studies
91399,Demonstrate understanding of the efficiency of market equilibrium,4,External,Economics
91400,Demonstrate understanding of the efficiency of different market structures using marginal analysis,4,External,Economics
91401,Demonstrate understanding of micro-economic concepts,5,Internal,Economics
91402,Demonstrate understanding of government interventions where the market fails to deliver efficient or equitable outcomes,5,Internal,Economics
91403,Demonstrate understanding of macro-economic influences on the New Zealand economy,6,External,Economics
91404,Demonstrate understanding of accounting concepts for a New Zealand reporting entity,4,External,Accounting
91405,Demonstrate understanding of accounting for partnerships,4,Internal,Accounting
91406,Demonstrate understanding of company financial statement preparation,5,External,Accounting
91407,Prepare a report for an external user that interprets the annual report of a New Zealand reporting entity,5,Internal,Accounting
91408,Demonstrate understanding of management accounting to inform decision-making,4,External,Accounting
91409,Demonstrate understanding of a job cost subsystem for an entity,4,Internal,Accounting
91410,Carry out an independent practical Earth and Space Science investigation,4,Internal,Earth and Space Science
91411,Investigate a socio-scientific issue in an Earth and Space Science context,4,Internal,Earth and Space Science
91412,Investigate the evidence related to dating geological event(s),4,Internal,Earth and Space Science
91413,Demonstrate understanding of processes in the ocean system,4,External,Earth and Space Science
91414,Demonstrate understanding of processes in the atmosphere system,4,External,Earth and Space Science
91415,Investigate an aspect of astronomy,4,Internal,Earth and Space Science
91416,Perform two programmes of music as a featured soloist,8,Internal,Music
91417,Perform a programme of music as a featured soloist on a second instrument,4,Internal,Music
91418,Demonstrate ensemble skills by performing two substantial pieces of music as a member of a group,4,Internal,Music
91419,Communicate musical intention by composing three original pieces of music,8,Internal,Music
91420,Integrate aural skills into written representation,4,External,Music
91421,Demonstrate understanding of harmonic and tonal conventions in a range of music scores,4,External,Music
91422,Analyse a substantial music work,4,Internal,Music
91423,Examine the influence of context on a substantial music work,4,External,Music
91424,Create two arrangements for an ensemble,4,Internal,Music
91425,Research a music topic,6,Internal,Music
91426,Demonstrate understanding of how interacting natural processes shape a New Zealand geographic environment,4,External,Geography
91427,Demonstrate understanding of how a cultural process shapes geographic environment(s),4,External,Geography
91428,Analyse a significant contemporary event from a geographic perspective,3,Internal,Geography
91429,Demonstrate understanding of a given environment(s) through selection and application of geographic concepts and skills,4,External,Geography
91430,Conduct geographic research with consultation,5,Internal,Geography
91431,Analyse aspects of a contemporary geographic issue,3,Internal,Geography
91432,Analyse aspects of a geographic topic at a global scale,3,Internal,Geography
91433,"Apply spatial analysis, with consultation, to solve a geographic problem",3,Internal,Geography
91434,"Research an historical event or place of significance to New Zealanders, using primary and secondary sources",5,Internal,History
91435,"Analyse an historical event, or place, of significance to New Zealanders",5,Internal,History
91436,Analyse evidence relating to an historical event of significance to New Zealanders,4,External,History
91437,Analyse different perspectives of a contested event of significance to New Zealanders,5,Internal,History
91438,Analyse the causes and consequences of a significant historical event,6,External,History
91439,Analyse a significant historical trend and the force(s) that influenced it,6,External,History
91440,Analyse methods and ideas from established design practice,4,Internal,Visual Arts
91441,Analyse methods and ideas from established painting practice,4,Internal,Visual Arts
91442,Analyse methods and ideas from established photography practice,4,Internal,Visual Arts
91443,Analyse methods and ideas from established printmaking practice,4,Internal,Visual Arts
91444,Analyse methods and ideas from established sculpture practice,4,Internal,Visual Arts
91445,Use drawing to demonstrate understanding of conventions appropriate to design,4,Internal,Visual Arts
91446,Use drawing to demonstrate understanding of conventions appropriate to painting,4,Internal,Visual Arts
91447,Use drawing to demonstrate understanding of conventions appropriate to photography,4,Internal,Visual Arts
91448,Use drawing to demonstrate understanding of conventions appropriate to printmaking,4,Internal,Visual Arts
91449,Use drawing to demonstrate understanding of conventions appropriate to sculpture,4,Internal,Visual Arts
91450,Systematically clarify ideas using drawing informed by established design practice,4,Internal,Visual Arts
91451,Systematically clarify ideas using drawing informed by established painting practice,4,Internal,Visual Arts
91452,Systematically clarify ideas using drawing informed by established photography practice,4,Internal,Visual Arts
91453,Systematically clarify ideas using drawing informed by established printmaking practice,4,Internal,Visual Arts
91454,Systematically clarify ideas using drawing informed by established sculpture practice,4,Internal,Visual Arts
91455,Produce a systematic body of work that integrates conventions and regenerates ideas within design practice,14,External,Visual Arts
91456,Produce a systematic body of work that integrates conventions and regenerates ideas within painting practice,14,External,Visual Arts
91457,Produce a systematic body of work that integrates conventions and regenerates ideas within photography practice,14,External,Visual Arts
91458,Produce a systematic body of work that integrates conventions and regenerates ideas within printmaking practice,14,External,Visual Arts
91459,Produce a systematic body of work that integrates conventions and regenerates ideas within sculpture practice,14,External,Visual Arts
91460,Produce a resolved work that demonstrates purposeful control of skills appropriate to a visual arts cultural context,4,Internal,Visual Arts
91461,Analyse a New Zealand health issue,5,Internal,Health
91462,Analyse an international health issue,5,External,Health
91463,Evaluate health practices currently used in New Zealand,5,Internal,Health
91464,Analyse a contemporary ethical issue in relation to well-being,4,Internal,Health
91465,Evaluate models for health promotion,5,External,Health
91466,Investigate a nutritional issue affecting the well-being of New Zealand society,5,Internal,Home Economics
91467,Implement an action plan to address a nutritional issue affecting the well-being of New Zealand society,5,Internal,Home Economics
91468,Analyse a food related ethical dilemma for New Zealand society,5,Internal,Home Economics
91469,Investigate the influence of multinational food corporations on eating patterns in New Zealand,5,Internal,Home Economics
91470,Evaluate conflicting nutritional information relevant to well-being in New Zealand society,4,External,Home Economics
91471,Analyse the influences of food advertising on well-being,4,External,Home Economics
91472,"Respond critically to specified aspect(s) of studied written text(s), supported by evidence",4,External,English
91473,"Respond critically to specified aspect(s) of studied visual or oral text(s), supported by evidence",4,External,English
91474,"Respond critically to significant aspects of unfamiliar written texts through close reading, supported by evidence",4,External,English
91475,"Produce a selection of fluent and coherent writing which develops, sustains, and structures ideas",6,Internal,English
91476,"Create and deliver a fluent and coherent oral text which develops, sustains, and structures ideas",3,Internal,English
91477,"Create a fluent and coherent visual text which develops, sustains, and structures ideas using verbal and visual features",3,Internal,English
91478,"Respond critically to significant connections across texts, supported by evidence",4,Internal,English
91479,Develop an informed understanding of literature and/or language using critical texts,4,Internal,English
91480,"Respond critically to significant aspects of visual and/or oral text(s) through close reading, supported by evidence",3,Internal,English
91482,Demonstrate understanding of style in art works,4,External,Art History
91483,Examine how meanings are communicated through art works,4,External,Art History
91484,Examine the relationship(s) between art and context,4,External,Art History
91485,Examine the impact of media and processes on art works,4,Internal,Art History
91486,Construct an argument based on interpretation of research in art history,4,Internal,Art History
91487,Examine the different values placed on art works,4,Internal,Art History
91488,Examine the relationship(s) between a theory and art works,4,Internal,Art History
91489,Analyse texts about art,4,Internal,Art History
91490,Demonstrate understanding of an aspect of a media industry,4,External,Media Studies
91491,Demonstrate understanding of the meaning of a media text through different readings,3,Internal,Media Studies
91492,Demonstrate understanding of the media representation of an aspect of New Zealand culture or society,3,Internal,Media Studies
91493,Demonstrate understanding of a relationship between a media genre and society,4,External,Media Studies
91494,Produce a design for a media product that meets the requirements of a brief,4,Internal,Media Studies
91495,Produce a media product to meet the requirements of a brief,6,Internal,Media Studies
91496,Demonstrate understanding of a significant development in the media,3,Internal,Media Studies
91497,Write a media text to meet the requirements of a brief,3,Internal,Media Studies
91498,Evaluate physical activity experiences to devise strategies for lifelong well-being,4,Internal,Physical Education
91499,Analyse a physical skill performed by self or others,3,Internal,Physical Education
91500,Evaluate the effectiveness of a performance improvement programme,4,Internal,Physical Education
91501,Demonstrate quality performance of a physical activity in an applied setting,4,Internal,Physical Education
91502,"Examine a current physical activity event, trend, or issue and its impact on New Zealand society",4,Internal,Physical Education
91503,Evaluate the use of health promotion to influence participation in physical activity,5,Internal,Physical Education
91504,Analyse issues in safety management for outdoor activity to devise safety management strategies,3,Internal,Physical Education
91505,Examine contemporary leadership principles applied in physical activity contexts,4,Internal,Physical Education
91506,Translate authentic Latin text into English demonstrating understanding,6,External,Latin
91507,Analyse authentic Latin text demonstrating understanding,5,External,Latin
91508,Analyse studied Latin literary text(s),6,Internal,Latin
91509,Analyse a Roman viewpoint,4,Internal,Latin
91510,Analyse the influence of Latin text(s) on subsequent culture(s),3,Internal,Latin
91511,Write complex Latin sentences that demonstrate understanding of Latin,3,Internal,Latin
91512,Interpret scripted text to integrate drama techniques in performance,4,Internal,Drama
91513,Devise and perform a drama to realise a concept,5,Internal,Drama
91514,Interpret a text from a prescribed playwright to demonstrate knowledge of a theatre form or period,4,External,Drama
91515,Select and use complex performance skills associated with a drama form or period,4,Internal,Drama
91516,Demonstrate understanding of the work of a drama or theatre theorist or practitioner,4,Internal,Drama
91517,Perform a substantial acting role in a significant production,5,Internal,Drama
91518,Demonstrate understanding of live drama performance,4,External,Drama
91519,Script a drama suitable for live performance,5,Internal,Drama
91520,Direct a drama performance,5,Internal,Drama
91521,Carry out a practical investigation to test a physics theory relating two variables in a non-linear relationship,4,Internal,Physics
91522,Demonstrate understanding of the application of physics to a selected context,3,Internal,Physics
91523,Demonstrate understanding of wave systems,4,External,Physics
91524,Demonstrate understanding of mechanical systems,6,External,Physics
91525,Demonstrate understanding of Modern Physics,3,Internal,Physics
91526,Demonstrate understanding of electrical systems,6,External,Physics
91527,Use physics knowledge to develop an informed response to a socio-scientific issue,3,Internal,Physics
91528,Carry out an investigation into an aspect of a New Zealand primary product or its production,4,Internal,Agricultural & Horticultural Science
91529,Research and report on the impact of factors on the profitability of a New Zealand primary product,6,Internal,Agricultural & Horticultural Science
91530,Demonstrate understanding of how market forces affect supply of and demand for New Zealand primary products,5,External,Agricultural & Horticultural Science
91531,Demonstrate understanding of how the production process meets market requirements for a New Zealand primary product(s),4,External,Agricultural & Horticultural Science
91532,Analyse a New Zealand primary production environmental issue,5,External,Agricultural & Horticultural Science
91533,Demonstrate understanding of a variety of extended spoken Chinese texts,5,External,Chinese
91534,Give a clear spoken presentation in Chinese that communicates a critical response to stimulus material,3,Internal,Chinese
91535,Interact clearly using spoken Chinese to explore and justify varied ideas and perspectives in different situations,6,Internal,Chinese
91536,Demonstrate understanding of a variety of extended written and/or visual Chinese texts,5,External,Chinese
91537,Write a variety of text types in clear Chinese to explore and justify varied ideas and perspectives,5,Internal,Chinese
91538,Demonstrate understanding of a variety of extended spoken Cook Islands Maori texts,5,External,Cook Islands Maori
91539,Give a clear spoken presentation in Cook Islands Maori that communicates a critical response to stimulus material,3,Internal,Cook Islands Maori
91540,Interact clearly using spoken CIs Maori to explore and justify varied ideas and perspectives in different situations,6,Internal,Cook Islands Maori
91541,Demonstrate understanding of a variety of extended written and/or visual Cook Islands Maori texts,5,External,Cook Islands Maori
91542,Write a variety of text types in clear Cook Islands Maori to explore and justify varied ideas and perspectives,5,Internal,Cook Islands Maori
91543,Demonstrate understanding of a variety of extended spoken French texts,5,External,French
91544,Give a clear spoken presentation in French that communicates a critical response to stimulus material,3,Internal,French
91545,Interact clearly using spoken French to explore and justify varied ideas and perspectives in different situations,6,Internal,French
91546,Demonstrate understanding of a variety of extended written and/or visual French texts,5,External,French
91547,Write a variety of text types in clear French to explore and justify varied ideas and perspectives,5,Internal,French
91548,Demonstrate understanding of a variety of extended spoken German texts,5,External,German
91549,Give a clear spoken presentation in German that communicates a critical response to stimulus material,3,Internal,German
91550,Interact clearly using spoken German to explore and justify varied ideas and perspectives in different situations,6,Internal,German
91551,Demonstrate understanding of a variety of extended written and/or visual German texts,5,External,German
91552,Write a variety of text types in clear German to explore and justify varied ideas and perspectives,5,Internal,German
91553,Demonstrate understanding of a variety of extended spoken Japanese texts,5,External,Japanese
91554,Give a clear spoken presentation in Japanese that communicates a critical response to stimulus material,3,Internal,Japanese
91555,Interact clearly using spoken Japanese to explore and justify varied ideas and perspectives in different situations,6,Internal,Japanese
91556,Demonstrate understanding of a variety of extended written and/or visual Japanese texts,5,External,Japanese
91557,Write a variety of text types in clear Japanese to explore and justify varied ideas and perspectives,5,Internal,Japanese
91558,Demonstrate understanding of a variety of extended spoken Korean texts,5,External,Korean
91559,Give a clear spoken presentation in Korean that communicates a critical response to stimulus material,3,Internal,Korean
91560,Interact clearly using spoken Korean to explore and justify varied ideas and perspectives in different situations,6,Internal,Korean
91561,Demonstrate understanding of a variety of extended written and/or visual Korean texts,5,External,Korean
91562,Write a variety of text types in clear Korean to explore and justify varied ideas and perspectives,5,Internal,Korean
91563,Demonstrate understanding of a variety of extended spoken Samoan texts,5,External,Samoan
91564,Give a clear spoken presentation in Samoan that communicates a critical response to stimulus material,3,Internal,Samoan
91565,Interact clearly using spoken Samoan to explore and justify varied ideas and perspectives in different situations,6,Internal,Samoan
91566,Demonstrate understanding of a variety of extended written and/or visual Samoan texts,5,External,Samoan
91567,Write a variety of text types in clear Samoan to explore and justify varied ideas and perspectives,5,Internal,Samoan
91568,Demonstrate understanding of a variety of extended spoken Spanish texts,5,External,Spanish
91569,Give a clear spoken presentation in Spanish that communicates a critical response to stimulus material,3,Internal,Spanish
91570,Interact clearly using spoken Spanish to explore and justify varied ideas and perspectives in different situations,6,Internal,Spanish
91571,Demonstrate understanding of a variety of extended written and/or visual Spanish texts,5,External,Spanish
91572,Write a variety of text types in clear Spanish to explore and justify varied ideas and perspectives,5,Internal,Spanish
91573,Apply the geometry of conic sections in solving problems,3,Internal,Mathematics
91574,Apply linear programming methods in solving problems,3,Internal,Mathematics
91575,Apply trigonometric methods in solving problems,4,Internal,Mathematics
91576,Use critical path analysis in solving problems,2,Internal,Mathematics
91577,Apply the algebra of complex numbers in solving problems,5,External,Mathematics
91578,Apply differentiation methods in solving problems,6,External,Mathematics
91579,Apply integration methods in solving problems,6,External,Mathematics
91580,Investigate time series data,4,Internal,Mathematics
91581,Investigate bivariate measurement data,4,Internal,Mathematics
91582,Use statistical methods to make a formal inference,4,Internal,Mathematics
91583,Conduct an experiment to investigate a situation using experimental design principles,4,Internal,Mathematics
91584,Evaluate statistically based reports,4,External,Mathematics
91585,Apply probability concepts in solving problems,4,External,Mathematics
91586,Apply probability distributions in solving problems,4,External,Mathematics
91587,Apply systems of simultaneous equations in solving problems,3,Internal,Mathematics
91588,Produce a dance to realise a concept,8,Internal,Dance
91589,Choreograph a dance to develop and resolve ideas,4,Internal,Dance
91590,Perform a solo or duet dance,4,Internal,Dance
91591,Perform a group dance,4,Internal,Dance
91592,Perform a repertoire of contrasting dances,6,Internal,Dance
91593,Demonstrate understanding of dance performance practices,4,Internal,Dance
91594,Analyse a dance performance,4,External,Dance
91595,Demonstrate understanding of the development of dance in Aotearoa/New Zealand,4,External,Dance
91596,Demonstrate understanding of ideological responses to an issue,4,External,Social Studies
91597,Conduct a critical social inquiry,6,Internal,Social Studies
91598,Demonstrate understanding of how ideologies shape society,4,External,Social Studies
91599,Examine personal involvement in a social action(s) that aims to influence policy change(s),6,Internal,Social Studies
91600,Examine a campaign of social action(s) to influence policy change(s),4,Internal,Social Studies
91601,"Carry out a practical investigation in a biological context, with guidance",4,Internal,Biology
91602,Integrate biological knowledge to develop an informed response to a socio-scientific issue,3,Internal,Biology
91603,Demonstrate understanding of the responses of plants and animals to their external environment,5,External,Biology
91604,Demonstrate understanding of how an animal maintains a stable internal environment,3,Internal,Biology
91605,Demonstrate understanding of evolutionary processes leading to speciation,4,External,Biology
91606,Demonstrate understanding of trends in human evolution,4,External,Biology
91607,Demonstrate understanding of human manipulations of genetic transfer and its biological implications,3,Internal,Biology
91608,Undertake brief development to address an issue within a determined context,4,Internal,Technology
91609,Undertake project management to support technological practice,4,Internal,Technology
91610,Develop a conceptual design considering fitness for purpose in the broadest sense,6,Internal,Technology
91611,Develop a prototype considering fitness for purpose in the broadest sense,6,Internal,Technology
91612,Demonstrate understanding of how technological modelling supports technological development and implementation,4,External,Technology
91613,Demonstrate understanding of material development,4,External,Technology
91614,Demonstrate understanding of operational parameters in complex and highly complex technological systems,4,External,Technology
91615,"Demonstrate understanding of consequences, responsibilities and challenges involved in technology",4,Internal,Technology
91616,Demonstrate understanding of how the fitness for purpose of technological outcomes may be broadly interpreted,4,Internal,Technology
91617,Undertake a critique of a technological outcome's design,4,External,Technology
91618,Undertake development and implementation of a green manufacturing process,6,Internal,Technology
91619,Demonstrate understanding of the application of a technical area to a specific field,4,Internal,Technology
91620,Implement complex procedures to integrate parts using resistant materials to make a specified product,6,Internal,Technology
91621,Implement complex procedures using textile materials to make a specified product,6,Internal,Technology
91622,Implement complex procedures to make a specified product using a Computer Numerical Controlled (CNC) machine,4,Internal,Technology
91623,Implement complex procedures to create an applied design for a specified product,4,Internal,Technology
91624,Demonstrate understanding of a structural system,3,Internal,Technology
91625,Demonstrate understanding of a complex machine,3,Internal,Technology
91626,Draft a pattern to interpret a design for a garment,6,Internal,Technology
91627,Initiate design ideas through exploration,4,External,Design and Visual Communication
91628,Develop a visual presentation that exhibits a design outcome to an audience,6,Internal,Design and Visual Communication
91629,Resolve a spatial design through graphics practice,6,Internal,Design and Visual Communication
91630,Resolve a product design through graphics practice,6,Internal,Design and Visual Communication
91631,Produce working drawings to communicate production details for a complex design,6,External,Design and Visual Communication
91632,Demonstrate understanding of complex concepts of information systems in an organisation,4,External,Technology
91633,Implement complex procedures to develop a relational database embedded in a specified digital outcome,6,Internal,Technology
91634,Demonstrate understanding of complex concepts of digital media,4,Internal,Technology
91635,Implement complex procedures to produce a specified digital media outcome,4,Internal,Technology
91636,Demonstrate understanding of areas of computer science,4,External,Technology
91637,Develop a complex computer program for a specified task,6,Internal,Technology
91638,Demonstrate understanding of complex concepts used in the design and construction of electronic environments,4,External,Technology
91639,Implement complex interfacing procedures in a specified electronic environment,4,Internal,Technology
91640,Implement complex techniques in constructing a specified complex electronic and embedded system,4,Internal,Technology
91641,Demonstrate understanding of wide area network technologies,4,Internal,Technology
91642,Implement procedures for administering a wide area network,4,Internal,Technology
91643,Implement complex procedures to process a specified product,6,Internal,Technology
91644,Demonstrate understanding of combined preservation mechanisms used to maintain product integrity,4,Internal,Technology
91650,Whakarongo kia mohio ki te reo Maori o te ao whanui,4,Internal,Te Reo Maori
91651,Korero kia whakamahi i te reo Maori o te ao whanui,6,Internal,Te Reo Maori
91652,Panui kia mohio ki te reo Maori o te ao whanui,6,External,Te Reo Maori
91653,Tuhi i te reo Maori o te ao whanui,6,External,Te Reo Maori
91654,Waihanga tuhinga whai take i te reo Maori o te ao whanui,6,Internal,Te Reo Maori
91679,Demonstrate understanding of a variety of extended spoken Lea Faka-Tonga texts,5,External,Lea Faka-Tonga
91680,Give a clear spoken presentation in Lea Faka-Tonga that communicates a critical response to stimulus material,3,Internal,Lea Faka-Tonga
91681,Interact clearly using spoken LF-Tonga to explore and justify varied ideas and perspectives in different situations,6,Internal,Lea Faka-Tonga
91682,Demonstrate understanding of a variety of extended written and/or visual Lea Faka-Tonga texts,5,External,Lea Faka-Tonga
91683,Write a variety of text types in clear Lea Faka-Tonga to explore and justify varied ideas and perspectives,5,Internal,Lea Faka-Tonga
91725,Analyse the meanings in a sacred text within a religious tradition,6,Internal,Religious Studies
91735,Evaluate measures that may be taken to sustain and/or improve a biophysical environment,4,Internal,Education for Sustainability
91736,"Analyse how different worldviews, and the values and practices associated with them, impact on sustainability",4,External,Education for Sustainability
91789,Devise strategies for a physical activity outcome,4,Internal,Physical Education
91803,Te tatari i te korero ohorere hei whakaputa i te korero tene,3,Internal,Te Reo Rangatira
91804,Te tatari i te ahunga o te reo,3,External,Te Reo Rangatira
91805,Te whakatairite i nga putanga purakau,4,Internal,Te Reo Rangatira
91806,Te tuhura i nga tuhinga raupeka,4,External,Te Reo Rangatira
91807,Te whakarite i te whaikorero rangatira,5,Internal,Te Reo Rangatira
91808,Te whakaoti tuhinga,3,External,Te Reo Rangatira
91809,Te tito i te upoko pukapuka,6,Internal,Te Reo Rangatira
91810,Te tuhura i te reo takitaki,4,Internal,Te Reo Rangatira
91811,Te ata tatari i te hiranga o te kai taketake ki te oranga o nga iwi taketake,3,Internal,Hauora
91812,Te arotake rautaki e tutuki pai ai nga hiahia ahurea o te iwi i roto i nga mahi koiri,5,Internal,Hauora
91815,Te ata tatari i nga ahuatanga o te taukumekume hei para huarahi e pai ake ai nga hononga tangata,5,Internal,Hauora
91817,Te whakarite i te rautaki whakawhanake reo,4,Internal,Te Reo Rangatira
91818,Te arotake ki ta te Maori titiro i nga huatau matua o te aria kukuwhatanga hei puna ira tangata,4,Internal,Putaiao
91819,Te arotake ki ta te Maori titiro i te raweke ira,4,Internal,Putaiao
91820,Te tatari i nga taukumekume mo te whakamahi i nga rawa o Papatuanuku,4,Internal,Putaiao
91822,Demonstrate understanding of a variety of extended New Zealand Sign Language texts,5,Internal,New Zealand Sign Language
91823,Give a clear presentation in New Zealand Sign Language that communicates a critical response to stimulus material,3,Internal,New Zealand Sign Language
91824,Interact clearly using NZ Sign Language to explore and justify varied ideas and perspectives in different situations,6,Internal,New Zealand Sign Language
91825,Sign a variety of text types in clear New Zealand Sign Language to explore and justify varied ideas and perspectives,6,Internal,New Zealand Sign Language
91826,Te tatari i te ahurea ropu tangata,4,Internal,Tikanga a-iwi
91827,Te tatari i tetahi rautaki whakapumau ahurea a tetahi iwi taketake,4,Internal,Tikanga a-iwi
91828,Te tatari i nga take e pa ana ki nga whenua Maori,4,Internal,Tikanga a-iwi
91830,Te tatari i nga papatanga o tetahi tuahua o mua ki te iwi taketake,4,Internal,Tikanga a-iwi
91833,Te tatari i te panonitanga o nga tikanga Maori,4,Internal,Tikanga a-iwi
91834,Te tatari i nga papatanga o te tamitanga ki te iwi taketake,4,Internal,Tikanga a-iwi
91836,Te tatari i te whai whakaarotanga ki nga matapono Maori i roto i nga mahi hangarau,5,Internal,Hangarau
91849,Compose three original songs that express imaginative thinking,8,Internal,Music
91852,Te kotuitui i nga ahuatanga toi taketake o nga mahi a te rehia hei waihanga mahi toi motuhake,4,Internal,Nga Mahi a Te Rehia
91855,Te tatari i nga tikanga toi taketake o nga toi ataata,4,Internal,Toi Ataata
91857,Te kotuitui i nga ahuatanga toi taketake o nga toi ataata hei waihanga mahi toi motuhake,4,Internal,Toi Ataata
91859,Te whakaatu maramatanga ki nga kaupapa here o te ao toi whanui i roto i nga toi ataata,4,Internal,Toi Ataata
91863,"Te tatari i te whakaputanga mai o nga ahuatanga ao wairua, ao kikokiko i roto i nga toi puoro",4,Internal,Toi Puoro
91869,Analyse future proofing strategies to ensure long term viability of a business,4,Internal,Agribusiness
91870,Analyse the effect of financing options of a strategic capital expenditure decision on a business,4,Internal,Agribusiness
91871,Analyse how a product meets market needs through innovation in the value chain,4,Internal,Agribusiness
91872,Analyse the interaction between psychological approaches,6,Internal,Psychology
91873,Analyse the significance of a key piece of research and its impact on society,3,Internal,Psychology
91874,Conduct independent psychological research with consultation,6,Internal,Psychology
91875,Analyse how theories are applied within a field of psychological practice,4,Internal,Psychology
91876,Analyse a significant issue in psychological practice,3,External,Psychology
91900,Conduct a critical inquiry to propose a digital technologies outcome,6,Internal,Digital Technologies
91906,Use complex programming techniques to develop a computer program,6,Internal,Digital Technologies
91907,Use complex processes to develop a digital technologies outcome,6,Internal,Digital Technologies
90584,Converse in Samoan using complex language in less familiar contexts,3,Internal,Samoan
90587,Engage in a less familiar cultural situation using complex visual and specialised Samoan language,3,Internal,Samoan
91813,Te whakarite i tetahi kaupapa tiaki taiao i runga ano i ta te Maori titiro,3,Internal,Hauora
91814,Te tuhura i nga rongoa taiao hei whakaora i te tangata,3,Internal,Hauora
91816,Te ata tatari i te panga mai o te tuakiri ki te oranga tangata,4,Internal,Hauora
91829,Te tatari i nga papatanga o tetahi take ohaoha ki te iwi Maori,4,Internal,Tikanga a-iwi
91831,Te tatari i nga papatanga o tetahi take taiao ki te iwi taketake,4,Internal,Tikanga a-iwi
91832,Te tatari i te whakaawenga a te ahurea Maori i te tuakiri o Aotearoa,4,Internal,Tikanga a-iwi
91835,Te tatari i tetahi kawenga papori i whakatairangatia ai nga motika iwi taketake,4,Internal,Tikanga a-iwi
91856,Te tatari i te panonitanga o nga huanga toi ataata,4,Internal,Toi Ataata
91858,"Te tatari i te whakaputanga mai o nga ahuatanga ao wairua, ao kikokiko i roto i nga toi ataata",4,Internal,Toi Ataata
91901,Apply user experience methodologies to develop a design for a digital technologies outcome,3,Internal,Digital Technologies
91902,Use complex techniques to develop a database,4,Internal,Digital Technologies
91903,Use complex techniques to develop a digital media outcome,4,Internal,Digital Technologies
91904,Use complex techniques to develop an electronics outcome,6,Internal,Digital Technologies
91905,Use complex techniques to develop a network,4,Internal,Digital Technologies
91908,Analyse an area of computer science,3,External,Digital Technologies
91909,Present a reflective analysis of developing a digital outcome,3,External,Digital Technologies
91850,Te tatari i nga tikanga toi taketake o nga mahi a te rehia,4,Internal,Nga Mahi a Te Rehia
91851,Te tatari i te panonitanga o nga huanga toi rehia,4,Internal,Nga Mahi a Te Rehia
91853,"Te tatari i te whakaputanga mai o nga ahuatanga ao wairua, ao kikokiko i roto i nga mahi a te rehia",4,Internal,Nga Mahi a Te Rehia
91854,Te whakaatu maramatanga ki nga kaupapa here o te ao toi whanui i roto i nga mahi a te rehia,4,Internal,Nga Mahi a Te Rehia
91860,Te tatari i nga tikanga toi taketake o nga toi puoro,4,Internal,Toi Puoro
91861,Te tatari i te panonitanga o nga huanga toi puoro,4,Internal,Toi Puoro
91862,Te kotuitui i nga ahuatanga toi taketake o nga toi puoro hei waihanga mahi toi motuhake,4,Internal,Toi Puoro
91985,Perform three categories within a discipline of Te Ao Haka,5,Internal,Te Ao Haka
91864,Te whakaatu maramatanga ki nga kaupapa here o te ao toi whanui i roto i nga toi puoro,4,Internal,Toi Puoro
91984,Reflect on a personal learning journey in a discipline of Te Ao Haka,5,Internal,Te Ao Haka
91986,Perform two Te Ao Haka disciplines,5,External,Te Ao Haka
91987,Demonstrate understanding of a key role within Te Ao Haka,5,External,Te Ao Haka
90728,Research a current scientific controversy,4,Internal,Science
91821,Te tatari i nga matatika e pa ana ki te mahi a te tangata i te atea,4,Internal,Putaiao
91837,Te tatari i nga whakataunga matatika e hangai ana ki nga mahi hangarau,5,Internal,Hangarau
91838,Te tatari i te whakamahi i nga matapono Maori i roto i nga mahi hangarau,5,Internal,Hangarau